employee_id,first_name,last_name,gender,state,city,hire_date,department,job_title,education_level,performance_rating,overtime,base_salary,salary,birth_date,termination_date
00-73695798,Olimpiada,Fedotova,Female,Moscow,Moscow,8/28/2017,Sales,Sales Specialist,Bachelor,Good,No,79104,84511,7/25/1994,
00-81018730,Ljubov',Baranova,Female,Moscow,Moscow,5/19/2022,Customer Service,Support Specialist,Bachelor,Satisfactory,Yes,54030,58165,12/4/1983,
00-29139495,Mstislav,Trofimov,Male,Moscow,Moscow,4/10/2018,Operations,Operations Analyst,Master,Good,No,55805,60266,5/17/1974,
00-60298696,Rodion,Pahomov,Male,Moscow,Moscow,11/11/2019,Sales,Sales Representative,Bachelor,Needs Improvement,No,53844,64566,5/2/1995,
00-96356860,Zosima,Naumov,Male,Kazan,Kazan,1/1/2023,Operations,Inventory Specialist,High School,Needs Improvement,No,58672,61998,7/13/2004,
00-90726197,Julija,Kulikova,Female,Kazan,Kazan,12/23/2017,Marketing,Content Creator,Bachelor,Satisfactory,No,54587,57909,5/7/1998,
00-10223590,Margarita,Sorokina,Female,Moscow,Moscow,5/4/2022,Operations,Operations Manager,Bachelor,Satisfactory,No,89060,94566,8/12/1964,
00-29502210,Evfrosinija,Semenova,Female,Moscow,Moscow,7/29/2024,Sales,Sales Representative,Bachelor,Satisfactory,No,62227,66814,8/11/1983,
00-59345867,Evstignej,Vorob'ev,Male,Kazan,Kazan,7/6/2017,Operations,Logistics Coordinator,Bachelor,Satisfactory,No,55641,65235,3/18/2003,
00-38219499,Martyn,Fedoseev,Male,Moscow,Moscow,5/27/2016,Operations,Operations Analyst,Master,Satisfactory,No,55540,59369,6/19/1993,
00-36794365,Anna,Sokolova,Female,Moscow,Moscow,12/1/2016,Customer Service,Support Specialist,High School,Satisfactory,Yes,56753,60705,3/5/1996,8/16/2020
00-55231319,Raisa,Tsvetkova,Female,Kazan,Kazan,2/3/2022,Customer Service,Support Specialist,Bachelor,Satisfactory,Yes,52271,56448,12/25/1980,
00-21723969,Natal'ja,Blohina,Female,Moscow,Moscow,6/11/2015,Operations,Logistics Coordinator,Bachelor,Good,No,56161,59817,2/20/1982,
00-18158383,Natal'ja,Lytkina,Female,Moscow,Moscow,2/19/2023,Sales,Sales Specialist,Bachelor,Satisfactory,Yes,75370,78334,9/5/1992,
00-98858209,Longin,Bobylev,Male,Moscow,Moscow,8/14/2020,Operations,Operations Analyst,Bachelor,Excellent,No,55381,67778,6/26/1989,
00-22210858,Gremislav,Turov,Male,Moscow,Moscow,9/11/2024,IT,IT Support Specialist,Bachelor,Needs Improvement,Yes,56075,66194,7/14/1982,
00-66882728,Alla,Naumova,Female,Moscow,Moscow,3/3/2024,HR,HR Manager,PhD,Satisfactory,No,87857,112090,1/7/1983,
00-25103203,Anzhelika,Vlasova,Female,Kazan,Kazan,8/10/2022,Operations,Inventory Specialist,Bachelor,Good,No,57940,59778,6/19/2007,
00-28128721,Eduard,Voronov,Male,Moscow,Moscow,6/23/2020,IT,IT Support Specialist,Bachelor,Good,No,58114,68887,4/15/1993,
00-93409868,Marija,Potapova,Female,Moscow,Moscow,1/12/2020,Operations,Operations Manager,Bachelor,Satisfactory,No,91030,100770,9/10/1975,
00-16892525,Anzhelika,Merkusheva,Female,Moscow,Moscow,3/11/2020,Marketing,Content Creator,Bachelor,Good,No,52208,56265,1/21/1994,
00-78081629,Kazimir,Efimov,Male,Moscow,Moscow,12/9/2023,Operations,Operations Analyst,Master,Satisfactory,No,59247,67650,11/16/1973,
00-63756709,Nikandr,Murav'ev,Male,Moscow,Moscow,4/23/2021,Customer Service,Support Specialist,High School,Satisfactory,Yes,50055,53824,11/12/2006,
00-99677431,Ippolit,Frolov,Male,Moscow,Moscow,5/2/2020,Sales,Sales Specialist,Master,Needs Improvement,No,70645,76803,3/4/1990,7/24/2021
00-73990750,Mokej,Panfilov,Male,Kazan,Kazan,7/28/2021,IT,Software Developer,Master,Good,No,84175,91249,10/23/1972,
00-82631811,Praskov'ja,Borisova,Female,Moscow,Moscow,1/11/2015,Operations,Operations Analyst,Master,Excellent,No,66092,76818,1/10/1977,
00-21094954,Petr,Morozov,Male,Moscow,Moscow,7/8/2024,Operations,Inventory Specialist,Bachelor,Good,No,58246,67716,3/23/1999,
00-99066353,Elena,Murav'eva,Female,Moscow,Moscow,6/5/2017,IT,System Administrator,Master,Good,Yes,86055,98202,5/25/2001,
00-58738289,Marija,Ershova,Female,Moscow,Moscow,10/8/2023,Marketing,SEO Specialist,Bachelor,Needs Improvement,No,68013,71520,10/4/1992,
00-61753575,Valentina,Sitnikova,Female,Moscow,Moscow,7/20/2022,IT,Software Developer,Master,Good,No,94504,105157,10/27/1992,
00-25278326,Denis,Vorob'ev,Male,Moscow,Moscow,9/11/2017,Sales,Sales Specialist,PhD,Excellent,Yes,69923,74154,9/18/1991,1/1/2019
00-54994164,Anatolij,Gorbunov,Male,Moscow,Moscow,4/11/2018,Marketing,SEO Specialist,High School,Satisfactory,Yes,60023,65644,4/25/1993,
00-78632302,Ljubov',Eliseeva,Female,Moscow,Moscow,8/20/2020,Operations,Logistics Coordinator,Bachelor,Good,No,50189,51836,9/5/2005,
00-77110491,Antonin,Kopylov,Male,Moscow,Moscow,6/17/2017,Operations,Logistics Coordinator,Bachelor,Good,Yes,59545,68482,6/22/2007,6/29/2021
00-61125583,Evfrosinija,Shirjaeva,Female,Moscow,Moscow,4/13/2023,Sales,Sales Representative,Bachelor,Excellent,No,67887,70160,7/13/2003,
00-67734343,Savelij,Ignatov,Male,Moscow,Moscow,12/15/2015,Operations,Inventory Specialist,High School,Needs Improvement,No,57870,63217,7/17/1996,
00-13454891,Svetozar,Zhuravlev,Male,Moscow,Moscow,12/14/2017,Customer Service,Help Desk Technician,Bachelor,Good,No,55531,66055,7/25/2001,
00-67343592,Gurij,Suvorov,Male,Moscow,Moscow,12/3/2015,IT,System Administrator,Bachelor,Good,No,78180,95881,9/29/1988,
00-37434808,Majja,Koroleva,Female,Moscow,Moscow,3/10/2023,IT,Software Developer,Master,Excellent,No,76401,87833,1/27/1994,
00-23772507,Efim,Sysoev,Male,Kazan,Kazan,8/9/2022,Operations,Inventory Specialist,Bachelor,Satisfactory,No,53861,63414,2/20/1998,1/9/2024
00-39613893,Iraida,Fomicheva,Female,Moscow,Moscow,10/8/2017,Customer Service,Customer Service Representative,High School,Satisfactory,No,56743,62665,4/5/1987,
00-46747065,Lukija,Borisova,Female,Moscow,Moscow,3/29/2015,Sales,Sales Representative,Bachelor,Satisfactory,No,51115,53126,6/3/1999,
00-47117594,Agaf'ja,Ovchinnikova,Female,Kazan,Kazan,1/15/2020,Operations,Inventory Specialist,High School,Good,No,54613,57212,5/19/1998,
00-90808173,Jan,Andreev,Male,Moscow,Moscow,12/25/2021,Finance,Financial Analyst,Bachelor,Satisfactory,No,76583,93299,7/4/1985,
00-16987216,Sofija,Ovchinnikova,Female,Moscow,Moscow,2/26/2020,Sales,Sales Representative,Bachelor,Excellent,No,56358,62121,5/12/1989,
00-59433135,Lidija,Bobyleva,Female,Kazan,Kazan,10/14/2017,Sales,Sales Representative,Bachelor,Good,Yes,60619,66740,10/5/1982,
00-47835413,Irina,Kabanova,Female,Moscow,Moscow,2/12/2019,IT,Software Developer,Master,Good,Yes,89277,99520,8/17/1997,
00-74562016,Svetlana,Ovchinnikova,Female,Moscow,Moscow,6/23/2017,Customer Service,Help Desk Technician,Bachelor,Satisfactory,No,57837,61938,11/4/1984,
00-32489925,Ljudmila,Belousova,Female,Moscow,Moscow,9/7/2019,Customer Service,Help Desk Technician,Bachelor,Good,No,61902,69514,1/14/1982,
00-83666285,Prokl,Rozhkov,Male,Moscow,Moscow,9/26/2018,IT,IT Support Specialist,Bachelor,Needs Improvement,No,56450,68737,3/26/1988,2/17/2024
00-35398326,Nonna,Kalinina,Female,Moscow,Moscow,8/13/2022,Operations,Inventory Specialist,Bachelor,Needs Improvement,No,55317,60532,10/2/1993,
00-39512358,Alina,Matveeva,Female,Moscow,Moscow,4/30/2024,Operations,Inventory Specialist,Bachelor,Good,Yes,57829,63345,4/14/1981,
00-10895802,Raisa,Kabanova,Female,Moscow,Moscow,9/11/2024,Operations,Logistics Coordinator,Bachelor,Good,Yes,51491,55720,2/1/1995,
00-55874242,Ekaterina,Gur'eva,Female,Kazan,Kazan,4/14/2017,Customer Service,Help Desk Technician,Bachelor,Good,No,62223,65134,6/20/2002,
00-11158279,Iraklij,Novikov,Male,Moscow,Moscow,9/6/2020,Customer Service,Support Specialist,High School,Good,No,55647,60100,2/5/1999,4/24/2021
00-43226367,Alevtina,Titova,Female,Moscow,Moscow,7/23/2021,Operations,Logistics Coordinator,Bachelor,Good,Yes,53999,56901,9/11/2000,
00-58446179,Iraida,Gavrilova,Female,Moscow,Moscow,2/20/2024,Operations,Operations Analyst,Bachelor,Good,No,76419,80699,10/11/2002,
00-77591978,Evstignej,Kudrjashov,Male,Moscow,Moscow,6/21/2017,Sales,Sales Representative,Bachelor,Satisfactory,Yes,68970,79375,6/9/2005,
00-53279368,Aristarh,Shilov,Male,Moscow,Moscow,7/27/2023,Sales,Sales Manager,Master,Good,No,82782,96836,12/16/1962,
00-99736297,Isidor,Mishin,Male,Moscow,Moscow,1/15/2023,Sales,Sales Specialist,Bachelor,Good,No,53264,62663,4/4/2004,
00-95820300,Nina,Safonova,Female,Moscow,Moscow,2/3/2016,Sales,Sales Representative,Bachelor,Excellent,No,58885,63606,12/14/1986,
00-80764562,Militsa,Vishnjakova,Female,Moscow,Moscow,3/13/2020,IT,System Administrator,Bachelor,Satisfactory,No,61603,65298,5/2/1988,
00-75732809,Tamara,Konovalova,Female,Moscow,Moscow,12/23/2021,Finance,Accounts Payable Specialist,Bachelor,Excellent,No,50429,55792,8/24/1986,
00-45256054,Marija,Vorontsova,Female,Kazan,Kazan,2/28/2022,Operations,Logistics Coordinator,Bachelor,Good,Yes,51676,54219,4/9/1986,9/3/2023
00-69704200,German,Lihachev,Male,Moscow,Moscow,1/12/2023,Operations,Logistics Coordinator,Bachelor,Good,No,59268,70711,8/22/1988,
00-31763088,Aleksandra,Samsonova,Female,Kazan,Kazan,1/27/2019,Finance,Financial Analyst,PhD,Good,No,75903,95573,8/24/1989,4/13/2021
00-92796753,Naina,Lukina,Female,Moscow,Moscow,3/14/2023,Sales,Sales Specialist,Master,Good,No,51451,61198,3/25/1982,
00-47353470,Marina,Vishnjakova,Female,Moscow,Moscow,2/5/2018,IT,IT Support Specialist,High School,Needs Improvement,No,51771,55029,8/30/1983,
00-79145216,Ljudmila,Ponomareva,Female,Moscow,Moscow,4/24/2021,Customer Service,Customer Service Representative,Bachelor,Good,No,58850,61754,1/6/2005,
00-69740109,Tit,Emel'janov,Male,Kazan,Kazan,8/15/2022,Marketing,Marketing Coordinator,Bachelor,Good,No,63416,76573,6/21/1989,
00-38731922,Vladilen,Sobolev,Male,Moscow,Moscow,7/14/2022,IT,Software Developer,Master,Satisfactory,Yes,91999,98624,7/26/1997,
00-79924819,Nikodim,Savin,Male,Moscow,Moscow,3/31/2017,Sales,Sales Specialist,Master,Good,Yes,68565,71706,1/27/1992,
00-10495540,Orest,Efimov,Male,Moscow,Moscow,4/28/2022,Operations,Logistics Coordinator,Bachelor,Needs Improvement,No,52396,62695,6/19/1981,3/29/2024
00-27680744,Lora,Baranova,Female,Moscow,Moscow,9/7/2020,Customer Service,Support Specialist,High School,Satisfactory,Yes,55201,56350,8/26/2005,
00-45679260,Leontij,Nikiforov,Male,Moscow,Moscow,9/11/2019,IT,Software Developer,Master,Satisfactory,Yes,77361,84007,7/26/1976,
00-42377489,Polikarp,Gromov,Male,Moscow,Moscow,3/5/2017,Finance,Accountant,Bachelor,Good,Yes,63969,73480,5/19/2000,
00-73319993,Evfrosinija,Martynova,Female,Moscow,Moscow,8/15/2024,Sales,Sales Specialist,Bachelor,Satisfactory,No,72008,75805,3/21/1986,
00-85152771,Pelageja,Borisova,Female,Moscow,Moscow,1/21/2020,Customer Service,Help Desk Technician,Bachelor,Excellent,No,68185,73804,1/11/1988,2/28/2021
00-44616794,Cheslav,Aleksandrov,Male,Moscow,Moscow,6/16/2022,Sales,Sales Representative,Bachelor,Excellent,No,55405,65014,7/4/1994,3/22/2023
00-66056813,Lidija,Belova,Female,Moscow,Moscow,12/10/2019,Operations,Inventory Specialist,Bachelor,Good,No,57155,64177,2/23/1980,
00-22465092,Aver'jan,Silin,Male,Moscow,Moscow,5/12/2023,Sales,Sales Consultant,PhD,Good,No,85786,91020,10/17/1997,
00-36708216,Irina,Jakusheva,Female,Moscow,Moscow,3/14/2020,Operations,Inventory Specialist,High School,Good,No,50368,55850,1/13/1980,6/16/2021
00-56637721,Nina,Anisimova,Female,Kazan,Kazan,3/21/2024,IT,IT Support Specialist,High School,Satisfactory,Yes,55066,59524,4/20/1997,
00-95639424,Gedeon,Ovchinnikov,Male,Moscow,Moscow,11/25/2022,Operations,Logistics Coordinator,Bachelor,Good,No,50382,62790,5/31/1982,
00-85608502,Marian,Sorokin,Male,Kazan,Kazan,7/2/2017,Operations,Logistics Coordinator,Bachelor,Good,No,50864,61968,8/30/1986,
00-30860675,Nikita,Koshelev,Male,Moscow,Moscow,7/2/2023,Sales,Sales Specialist,PhD,Excellent,No,72294,76099,9/25/1998,
00-15090980,Ipat,Rybakov,Male,Moscow,Moscow,6/17/2023,Customer Service,Customer Service Manager,Bachelor,Satisfactory,No,89832,117802,9/16/1964,11/12/2024
00-65763801,Alla,Nikonova,Female,Moscow,Moscow,10/8/2020,Operations,Operations Analyst,Master,Good,Yes,76022,87664,1/31/1990,
00-60931780,Nadezhda,Beljakova,Female,Moscow,Moscow,9/12/2023,Operations,Logistics Coordinator,Bachelor,Excellent,Yes,56768,58923,7/16/1999,
00-57401566,Nikolaj,Galkin,Male,Moscow,Moscow,9/3/2017,Sales,Sales Specialist,PhD,Good,No,51129,55949,12/2/1991,
00-46332338,Antonin,Lytkin,Male,Moscow,Moscow,2/8/2024,Sales,Sales Specialist,PhD,Excellent,No,61355,67242,1/3/1968,
00-82694030,Ul'jana,Fedoseeva,Female,Moscow,Moscow,4/23/2020,Operations,Logistics Coordinator,Bachelor,Good,Yes,57408,60935,5/5/1985,
00-92025067,Aggej,Markov,Male,Kazan,Kazan,10/9/2016,Finance,Accountant,Bachelor,Good,No,55062,67049,6/13/1983,
00-81706480,Majja,Evdokimova,Female,Moscow,Moscow,4/22/2020,Customer Service,Help Desk Technician,High School,Satisfactory,Yes,74126,76420,8/22/2007,
00-62902859,Vsemil,Arhipov,Male,Moscow,Moscow,3/23/2020,Operations,Inventory Specialist,High School,Satisfactory,No,51073,56344,3/23/1995,
00-19627725,Tihon,Kuz'min,Male,Moscow,Moscow,4/2/2019,Sales,Sales Specialist,Master,Needs Improvement,Yes,79612,86317,12/10/1979,
00-53431941,Anikita,Kotov,Male,Moscow,Moscow,10/20/2016,Customer Service,Customer Service Representative,Bachelor,Good,No,53826,64020,10/1/1995,
00-54623111,Konon,Isakov,Male,Moscow,Moscow,12/7/2017,Operations,Operations Analyst,Bachelor,Good,No,73185,84645,9/6/1995,2/28/2019
00-22151735,Fekla,Bobrova,Female,Kazan,Kazan,5/22/2022,IT,IT Support Specialist,Bachelor,Satisfactory,No,59237,61578,11/5/2006,
00-51687414,Ernst,Markov,Male,Moscow,Moscow,2/23/2022,Sales,Sales Representative,Bachelor,Satisfactory,No,53319,64766,10/26/1994,
00-98502251,Isidor,Noskov,Male,Moscow,Moscow,1/12/2021,IT,IT Support Specialist,High School,Good,Yes,51128,59365,7/19/1980,
00-68522021,Juvenalij,Evseev,Male,Kazan,Kazan,10/13/2018,Operations,Inventory Specialist,High School,Good,No,57135,61810,10/14/2000,11/27/2020
00-13991674,Nadezhda,Rodionova,Female,Moscow,Moscow,8/13/2017,Customer Service,Help Desk Technician,Bachelor,Satisfactory,No,57373,61728,2/9/1995,
00-93616533,Ivanna,Shirjaeva,Female,Moscow,Moscow,5/29/2019,Sales,Sales Representative,Bachelor,Good,No,56020,59962,8/6/2001,
00-34074557,Natan,Gorshkov,Male,Moscow,Moscow,5/20/2016,IT,Software Developer,Master,Good,Yes,93838,99383,8/24/1996,
00-89753406,Nifont,Avdeev,Male,Moscow,Moscow,10/21/2018,Operations,Inventory Specialist,High School,Good,No,58447,61937,9/29/1999,
00-41990072,Glafira,Ustinova,Female,Moscow,Moscow,3/16/2023,Operations,Inventory Specialist,High School,Needs Improvement,No,51689,55635,7/1/1984,
00-23002431,Iraklij,Makarov,Male,Moscow,Moscow,12/20/2024,HR,Recruiter,High School,Excellent,Yes,50969,57432,4/1/1981,
00-11036753,Regina,Belozerova,Female,Moscow,Moscow,1/20/2024,Customer Service,Customer Service Manager,PhD,Satisfactory,No,73611,93123,9/27/1973,
00-59188721,Ljudmila,Zinov'eva,Female,Moscow,Moscow,11/30/2017,Customer Service,Customer Service Representative,High School,Good,No,52089,56519,9/5/1984,8/10/2024
00-37022786,Vseslav,Gordeev,Male,Moscow,Moscow,11/11/2022,Operations,Operations Analyst,Bachelor,Satisfactory,No,70977,83913,6/12/2003,
00-49735673,Eremej,Dement'ev,Male,Kazan,Kazan,11/17/2017,Operations,Logistics Coordinator,Bachelor,Needs Improvement,No,54427,63523,10/1/1997,
00-29688968,Alevtina,Naumova,Female,Moscow,Moscow,4/22/2020,Finance,Accounts Payable Specialist,Bachelor,Good,No,52077,54079,9/3/2006,
00-54629380,Agap,Kornilov,Male,Moscow,Moscow,3/4/2017,Sales,Sales Specialist,PhD,Good,No,53952,56143,4/21/1990,
00-72361602,Gremislav,Lazarev,Male,Moscow,Moscow,9/18/2018,Marketing,Content Creator,Bachelor,Good,No,58856,73364,10/8/1984,
00-77228354,Kira,Guschina,Female,Moscow,Moscow,3/11/2023,IT,IT Support Specialist,High School,Satisfactory,Yes,50528,53027,3/6/1997,
00-43537828,Dobroslav,Nosov,Male,Moscow,Moscow,4/24/2019,IT,Software Developer,Bachelor,Satisfactory,No,74943,88838,5/21/1998,
00-16608765,Akulina,Kosheleva,Female,Kazan,Kazan,11/28/2023,Customer Service,Support Specialist,Bachelor,Good,Yes,56760,60943,10/15/1986,
00-40535190,Majja,Zimina,Female,Moscow,Moscow,7/1/2019,Marketing,Marketing Coordinator,Bachelor,Good,Yes,61719,64543,7/2/1999,3/24/2022
00-63054952,Evstignej,Tret'jakov,Male,Moscow,Moscow,2/5/2020,Sales,Sales Representative,Bachelor,Good,No,55565,65422,4/25/1998,
00-69044615,Agata,Kulagina,Female,Kazan,Kazan,2/16/2022,Operations,Operations Analyst,Master,Good,No,52196,63575,1/14/1977,5/25/2023
00-24269592,Nikodim,Seleznev,Male,Moscow,Moscow,6/26/2020,Operations,Inventory Specialist,High School,Good,Yes,58767,63021,9/19/2003,
00-51883627,Kuprijan,Abramov,Male,Moscow,Moscow,5/10/2018,Operations,Inventory Specialist,High School,Satisfactory,Yes,52067,56032,12/19/2002,
00-12282995,Marija,Krasil'nikova,Female,Moscow,Moscow,6/1/2018,IT,IT Support Specialist,High School,Good,No,58889,62898,3/21/1997,
00-77095466,Regina,Novikova,Female,Moscow,Moscow,9/18/2023,Customer Service,Customer Service Representative,High School,Good,No,55923,58955,2/12/1994,
00-94897322,Irina,Lebedeva,Female,Moscow,Moscow,12/3/2018,Customer Service,Support Specialist,High School,Satisfactory,No,59298,62304,3/25/1988,
00-28241794,Seliverst,Simonov,Male,Moscow,Moscow,11/8/2019,Marketing,Marketing Manager,Master,Excellent,No,79925,87716,11/7/1979,
00-83054762,Varfolomej,Pestov,Male,Moscow,Moscow,11/3/2017,Customer Service,Help Desk Technician,Bachelor,Good,No,78349,95818,8/25/1980,
00-76385021,Parfen,Hohlov,Male,Moscow,Moscow,5/28/2015,Finance,Accountant,Bachelor,Satisfactory,No,61031,70413,9/9/1999,
00-58960681,Juvenalij,Davydov,Male,Moscow,Moscow,10/2/2017,Sales,Sales Representative,Bachelor,Satisfactory,No,66824,83307,10/30/1984,
00-94219220,Vladislav,Shestakov,Male,Moscow,Moscow,1/23/2020,Sales,Sales Consultant,Master,Satisfactory,No,76839,83542,11/15/1971,
00-62221128,Velimir,Rodionov,Male,Moscow,Moscow,1/31/2023,Customer Service,Support Specialist,Bachelor,Good,No,56638,67161,9/19/1989,
00-91497811,Apollon,D'jachkov,Male,Moscow,Moscow,1/4/2018,IT,IT Support Specialist,Bachelor,Satisfactory,No,56648,66439,4/3/1998,
00-26889864,Zinaida,Novikova,Female,Moscow,Moscow,2/11/2017,Finance,Accountant,Bachelor,Good,No,72891,79604,2/17/1990,
00-14372336,Feofan,Gorbachev,Male,Moscow,Moscow,12/3/2023,Customer Service,Support Specialist,Bachelor,Good,No,54455,63391,4/15/1995,
00-91671865,Aleksej,Kapustin,Male,Moscow,Moscow,3/24/2023,Customer Service,Help Desk Technician,Bachelor,Good,No,71378,88652,1/27/1987,
00-60790543,Savelij,Evdokimov,Male,Moscow,Moscow,3/17/2019,Operations,Inventory Specialist,High School,Good,Yes,55192,60571,4/26/1995,
00-92920187,Lukija,Rodionova,Female,Kazan,Kazan,8/25/2022,Customer Service,Help Desk Technician,High School,Satisfactory,No,75000,78102,4/1/1990,
00-55612844,Larisa,Lavrent'eva,Female,Kazan,Kazan,3/29/2019,IT,IT Support Specialist,Bachelor,Satisfactory,No,58296,61753,6/23/2002,
00-60961055,Anna,Lapina,Female,Moscow,Moscow,8/9/2020,Sales,Sales Consultant,Master,Good,No,76780,88166,11/30/1981,
00-63626907,Aristarh,Evseev,Male,Kazan,Kazan,10/6/2023,Operations,Logistics Coordinator,Bachelor,Good,No,52371,61125,8/9/2006,
00-34522278,Majja,Baranova,Female,Moscow,Moscow,4/19/2017,Sales,Sales Consultant,Bachelor,Excellent,No,82218,89244,3/28/1980,
00-37526661,Svjatoslav,Moiseev,Male,Kazan,Kazan,2/19/2023,Marketing,Marketing Coordinator,Bachelor,Satisfactory,No,68857,81349,12/7/1984,
00-24717401,Klavdij,Popov,Male,Kazan,Kazan,3/13/2024,Sales,Sales Consultant,PhD,Good,No,71115,83722,10/8/1963,
00-80162459,Varvara,Trofimova,Female,Moscow,Moscow,6/8/2023,Marketing,Content Creator,Bachelor,Good,No,57570,61021,9/22/1989,
00-97644560,Lukija,Sharapova,Female,Moscow,Moscow,5/28/2023,IT,System Administrator,Master,Good,Yes,83818,96149,2/3/1995,
00-58156544,Luk'jan,Shirjaev,Male,Kazan,Kazan,8/4/2024,Finance,Accounts Payable Specialist,Bachelor,Good,No,51953,63209,3/2/1990,
00-51002860,Pelageja,Aleksandrova,Female,Moscow,Moscow,3/12/2023,Sales,Sales Specialist,Master,Good,No,72194,88884,11/7/1973,
00-51746986,Julija,Kalashnikova,Female,Moscow,Moscow,7/15/2023,Sales,Sales Specialist,Bachelor,Good,No,67344,68721,1/12/2006,
00-38347790,Mitofan,Golubev,Male,Moscow,Moscow,3/25/2022,Sales,Sales Consultant,Bachelor,Satisfactory,No,84774,98232,10/19/2004,
00-13300631,Nikandr,Fedotov,Male,Moscow,Moscow,8/11/2020,Operations,Inventory Specialist,High School,Excellent,No,52446,58406,11/22/1994,
00-15713648,Vladlen,D'jachkov,Male,Moscow,Moscow,7/16/2015,Operations,Operations Analyst,Bachelor,Excellent,Yes,63895,73308,7/7/2004,
00-32956962,Potap,Kononov,Male,Moscow,Moscow,4/12/2017,Operations,Logistics Coordinator,Bachelor,Good,Yes,53988,62459,7/18/1997,
00-36424971,Lukija,Gavrilova,Female,Moscow,Moscow,12/27/2022,IT,Software Developer,Master,Satisfactory,No,91128,111195,5/11/1977,
00-49807307,Varvara,Zinov'eva,Female,Moscow,Moscow,8/2/2024,Customer Service,Support Specialist,Bachelor,Good,No,53906,57598,1/30/1998,
00-34704197,Semen,Zaharov,Male,Moscow,Moscow,5/13/2023,IT,Software Developer,Bachelor,Satisfactory,No,71041,82961,3/27/2002,12/3/2023
00-83304985,Viktorija,Kirillova,Female,Moscow,Moscow,8/15/2023,Sales,Sales Representative,Bachelor,Excellent,No,59564,62710,6/7/2000,
00-91451870,Kirill,Mel'nikov,Male,Moscow,Moscow,5/2/2024,Marketing,Content Creator,High School,Satisfactory,Yes,51819,55968,3/5/2004,
00-58939085,Mstislav,Kazakov,Male,Moscow,Moscow,11/27/2022,Sales,Sales Representative,Bachelor,Good,No,52364,61292,10/2/1993,
00-81973747,Maksimil'jan,Fokin,Male,Moscow,Moscow,7/2/2017,Operations,Inventory Specialist,High School,Good,No,56306,60085,11/17/1993,
00-23171197,Oksana,Bogdanova,Female,Moscow,Moscow,3/4/2020,Finance,Financial Analyst,Bachelor,Satisfactory,No,64627,67074,6/6/2007,
00-97442332,Nifont,Belozerov,Male,Moscow,Moscow,3/15/2016,Finance,Financial Analyst,Bachelor,Good,No,73365,86306,2/19/1987,
00-62714885,Lidija,Orehova,Female,Moscow,Moscow,5/14/2020,Operations,Logistics Coordinator,Bachelor,Good,No,58903,60381,9/20/2005,
00-95301977,Ljubov',Gordeeva,Female,Moscow,Moscow,12/8/2017,Customer Service,Help Desk Technician,Bachelor,Good,No,52597,55769,6/12/2002,
00-57767776,Kira,Shirjaeva,Female,Moscow,Moscow,5/1/2021,Operations,Operations Analyst,Master,Good,No,51320,59561,8/27/1996,
00-62140784,Marfa,Volkova,Female,Kazan,Kazan,7/7/2023,Operations,Inventory Specialist,High School,Good,No,58356,63117,1/11/1992,8/22/2024
00-79344576,Timofej,Bogdanov,Male,Moscow,Moscow,10/31/2015,Customer Service,Help Desk Technician,Bachelor,Good,No,70623,83964,5/13/1987,
00-47380747,Svetlana,Komarova,Female,Kazan,Kazan,11/12/2015,Sales,Sales Specialist,Bachelor,Satisfactory,No,79445,81009,10/2/2007,
00-30811116,Gremislav,Kornilov,Male,Moscow,Moscow,6/26/2020,Marketing,Content Creator,Bachelor,Satisfactory,No,57063,67929,9/17/1993,
00-59182411,Budimir,Murav'ev,Male,Kazan,Kazan,4/24/2022,Operations,Operations Analyst,Master,Excellent,No,74716,79653,1/6/1977,
00-67288647,Ninel',Danilova,Female,Moscow,Moscow,4/13/2020,Sales,Sales Specialist,Master,Excellent,No,68716,76884,3/5/1983,
00-91561534,Igor',Ponomarev,Male,Moscow,Moscow,3/13/2018,Customer Service,Help Desk Technician,Bachelor,Good,Yes,57084,66089,8/21/2003,
00-19636622,Varvara,Kabanova,Female,Moscow,Moscow,3/19/2023,Operations,Logistics Coordinator,Bachelor,Satisfactory,No,54034,56996,10/27/2005,
00-27355692,Dobromysl,Arhipov,Male,Kazan,Kazan,9/28/2018,Marketing,Content Creator,Bachelor,Good,Yes,52022,59615,1/13/2001,
00-41098444,Ksenija,Rybakova,Female,Moscow,Moscow,2/18/2016,Operations,Inventory Specialist,Bachelor,Good,No,52862,55346,8/1/1992,5/21/2017
00-21307139,Svjatopolk,Karpov,Male,Moscow,Moscow,6/10/2023,Operations,Logistics Coordinator,Bachelor,Satisfactory,No,56860,69094,6/2/1995,
00-11127826,Marija,Denisova,Female,Moscow,Moscow,4/9/2024,Operations,Operations Analyst,Master,Satisfactory,No,55581,66202,5/16/1981,
00-14158944,Evsej,Zhuravlev,Male,Moscow,Moscow,8/3/2016,Customer Service,Support Specialist,High School,Excellent,No,51313,54840,2/18/2001,
00-85804956,Svjatoslav,Ovchinnikov,Male,Moscow,Moscow,8/28/2021,Finance,Financial Analyst,PhD,Excellent,No,86838,99657,7/4/1964,
00-97287950,Jakov,Jakushev,Male,Moscow,Moscow,9/18/2022,Sales,Sales Specialist,PhD,Good,No,77422,83559,4/11/1971,
00-13767126,Mina,Vlasov,Male,Moscow,Moscow,4/21/2020,Customer Service,Support Specialist,Bachelor,Needs Improvement,No,56400,64800,6/4/2002,
00-88795402,Alevtina,Vorob'eva,Female,Moscow,Moscow,11/20/2024,Sales,Sales Representative,Bachelor,Good,No,69993,73268,9/13/1994,
00-73814337,Kuz'ma,Kolesnikov,Male,Moscow,Moscow,9/2/2021,IT,Software Developer,Master,Good,No,92653,101792,10/4/1985,
00-71865678,Kira,Lihacheva,Female,Moscow,Moscow,6/25/2022,Operations,Logistics Coordinator,Bachelor,Satisfactory,No,51388,54185,4/1/1989,
00-66847698,Spiridon,Gavrilov,Male,Moscow,Moscow,7/30/2021,Customer Service,Customer Service Manager,PhD,Good,No,72861,75529,10/22/1997,
00-52403342,Dar'ja,Osipova,Female,Moscow,Moscow,6/3/2023,Operations,Operations Analyst,Master,Good,Yes,50984,57625,6/1/1993,
00-62446558,Alla,Baranova,Female,Moscow,Moscow,1/19/2016,Operations,Logistics Coordinator,Bachelor,Good,No,51255,53888,4/10/1983,
00-91450380,Valerija,Lobanova,Female,Kazan,Kazan,4/22/2018,Operations,Inventory Specialist,Bachelor,Good,Yes,55328,56662,6/27/2004,
00-17882489,Gordej,Nikitin,Male,Moscow,Moscow,2/14/2024,Sales,Sales Specialist,Master,Good,No,78076,84058,8/13/1983,
00-58617395,Taisija,Scherbakova,Female,Moscow,Moscow,7/6/2017,Operations,Inventory Specialist,High School,Good,Yes,56234,61445,3/15/1985,
00-26435884,Ksenija,Moiseeva,Female,Moscow,Moscow,2/3/2024,Customer Service,Customer Service Representative,High School,Good,Yes,59387,66215,8/29/1983,
00-90546649,Evdokim,Kulikov,Male,Kazan,Kazan,11/2/2017,Customer Service,Customer Service Representative,Bachelor,Needs Improvement,Yes,56697,68050,4/26/1990,
00-47289046,Marina,Samojlova,Female,Moscow,Moscow,7/12/2015,Customer Service,Customer Service Representative,Bachelor,Satisfactory,Yes,56842,58459,1/7/1999,8/16/2022
00-40672990,Zoja,Teterina,Female,Moscow,Moscow,12/15/2016,Sales,Sales Representative,Bachelor,Satisfactory,No,66784,72891,10/22/1988,
00-68509141,Majja,Ustinova,Female,Moscow,Moscow,3/10/2022,Sales,Sales Specialist,Master,Excellent,Yes,71366,83344,5/2/1988,
00-64402340,Emel'jan,Fadeev,Male,Moscow,Moscow,11/4/2022,Finance,Finance Manager,PhD,Good,No,115689,127895,10/21/1966,
00-55593143,Velimir,Vishnjakov,Male,Moscow,Moscow,3/28/2020,Customer Service,Support Specialist,High School,Excellent,No,55217,60749,10/7/1998,4/2/2022
00-75094789,Ananij,Lukin,Male,Moscow,Moscow,7/18/2018,HR,Recruiter,High School,Satisfactory,No,57961,63499,10/30/1995,
00-93810432,Ninel',Kiseleva,Female,Moscow,Moscow,6/28/2021,Sales,Sales Representative,Bachelor,Excellent,No,54657,57396,6/18/1999,4/25/2024
00-93154803,Spiridon,Gerasimov,Male,Kazan,Kazan,12/17/2018,IT,Software Developer,Master,Good,Yes,75841,82094,12/9/1970,
00-40938572,Ferapont,D'jachkov,Male,Moscow,Moscow,11/5/2018,Customer Service,Help Desk Technician,Bachelor,Satisfactory,No,51508,60441,7/31/2002,
00-45771525,Arefij,Kudrjashov,Male,Moscow,Moscow,4/20/2021,Sales,Sales Manager,Master,Satisfactory,No,96481,101082,12/19/1987,
00-27023623,Semen,Blinov,Male,Moscow,Moscow,5/11/2023,IT,IT Support Specialist,High School,Good,No,57593,63536,9/28/1986,
00-99419292,Militsa,Mihajlova,Female,Moscow,Moscow,1/29/2024,Operations,Operations Analyst,Master,Good,No,64420,72011,3/20/1999,
00-47453424,Regina,Panova,Female,Kazan,Kazan,7/24/2017,Customer Service,Customer Service Representative,High School,Good,Yes,58957,62719,1/19/1998,
00-66167141,Taisija,Vlasova,Female,Moscow,Moscow,7/17/2024,Customer Service,Customer Service Representative,High School,Needs Improvement,Yes,50690,55224,2/21/1981,
00-26006630,Praskov'ja,Davydova,Female,Moscow,Moscow,6/1/2022,Operations,Operations Analyst,Master,Good,Yes,69091,82380,10/12/1983,
00-94807209,Veronika,Kozlova,Female,Kazan,Kazan,5/2/2020,Customer Service,Support Specialist,Bachelor,Good,No,51764,55409,5/17/2000,
00-58677380,Afanasij,Lobanov,Male,Moscow,Moscow,9/4/2020,Sales,Sales Manager,Master,Excellent,No,97317,103390,1/29/1981,4/24/2021
00-89974268,Irina,Nikiforova,Female,Moscow,Moscow,3/22/2021,Sales,Sales Consultant,Master,Satisfactory,Yes,80382,91554,1/10/1986,10/13/2023
00-47075620,Nadezhda,Matveeva,Female,Kazan,Kazan,10/19/2018,Customer Service,Customer Service Representative,Bachelor,Good,Yes,50680,53387,6/15/1982,
00-51585789,Marfa,Nazarova,Female,Moscow,Moscow,1/30/2018,Sales,Sales Consultant,PhD,Excellent,No,89960,121997,11/24/1970,
00-54339657,Anikita,Bespalov,Male,Moscow,Moscow,4/14/2024,IT,Software Developer,Master,Good,No,94485,108658,5/8/1970,
00-90301823,Mihail,Shubin,Male,Moscow,Moscow,4/15/2019,Operations,Inventory Specialist,High School,Good,No,59546,65429,8/25/1989,
00-33221103,Anzhelika,Lapina,Female,Moscow,Moscow,2/14/2021,Operations,Inventory Specialist,Bachelor,Good,No,53072,56686,3/20/1988,
00-37509257,Alina,Andreeva,Female,Moscow,Moscow,12/22/2024,Sales,Sales Specialist,Master,Good,Yes,55457,62450,8/13/1999,
00-93286734,Veronika,Golubeva,Female,Moscow,Moscow,8/8/2018,Sales,Sales Representative,Bachelor,Good,No,58719,64009,10/24/1989,
00-56962246,Vsevolod,Ustinov,Male,Kazan,Kazan,12/18/2023,Operations,Logistics Coordinator,Bachelor,Good,No,53915,65884,11/19/1990,
00-29039116,Tverdislav,Sergeev,Male,Moscow,Moscow,3/6/2017,IT,System Administrator,Master,Good,No,69528,76086,9/6/1993,
00-54611362,Milovan,Tsvetkov,Male,Kazan,Kazan,10/30/2024,Marketing,Marketing Coordinator,Bachelor,Good,Yes,68776,78833,5/6/2006,
00-96210319,Adam,Nesterov,Male,Moscow,Moscow,2/22/2019,IT,System Administrator,Bachelor,Satisfactory,No,70101,83553,12/14/1985,
00-79221072,Oksana,Ermakova,Female,Moscow,Moscow,6/15/2018,IT,Software Developer,Master,Good,No,86395,97403,4/18/2001,
00-82127804,Makar,Sitnikov,Male,Moscow,Moscow,3/2/2016,Customer Service,Help Desk Technician,High School,Satisfactory,No,51323,54333,12/15/2005,
00-80529606,Ipatij,Sitnikov,Male,Moscow,Moscow,1/4/2016,Operations,Operations Manager,Bachelor,Satisfactory,No,75984,96213,5/18/1967,
00-43584853,Nina,Simonova,Female,Moscow,Moscow,10/6/2017,Sales,Sales Specialist,Bachelor,Good,Yes,62680,67304,1/6/1984,
00-75161987,Evfrosinija,Romanova,Female,Kazan,Kazan,12/14/2024,IT,IT Support Specialist,Bachelor,Good,No,59057,61952,8/16/2001,
00-51721442,Julija,Kazakova,Female,Moscow,Moscow,5/11/2017,Operations,Inventory Specialist,High School,Good,Yes,50068,51792,10/24/1999,
00-68822537,Antonina,Kostina,Female,Moscow,Moscow,6/28/2017,Marketing,SEO Specialist,Bachelor,Satisfactory,No,61708,64234,9/13/1995,8/14/2021
00-19016518,Naina,Efimova,Female,Moscow,Moscow,4/29/2023,HR,Recruiter,High School,Satisfactory,No,63085,67207,4/21/1989,
00-41301402,Tat'jana,Antonova,Female,Moscow,Moscow,7/16/2017,Sales,Sales Consultant,PhD,Excellent,Yes,84867,107212,6/22/1973,
00-46768723,Svetlana,Efremova,Female,Kazan,Kazan,12/26/2021,IT,Software Developer,Master,Excellent,Yes,83513,94185,10/29/1998,
00-95521318,Avksentij,Petuhov,Male,Moscow,Moscow,8/15/2017,Operations,Logistics Coordinator,Bachelor,Satisfactory,Yes,58780,72088,4/15/1986,4/6/2021
00-34567778,Fedot,Veselov,Male,Moscow,Moscow,2/20/2019,Operations,Logistics Coordinator,Bachelor,Satisfactory,Yes,58445,67690,5/17/1992,
00-51622588,Anastasija,Rusakova,Female,Moscow,Moscow,4/26/2019,Customer Service,Customer Service Representative,Bachelor,Good,Yes,58092,62326,12/25/1981,
00-74903224,Sofija,Nesterova,Female,Moscow,Moscow,10/12/2019,Sales,Sales Representative,Bachelor,Good,Yes,65837,71020,11/6/1993,9/9/2024
00-72459064,Evfrosinija,Doronina,Female,Moscow,Moscow,2/14/2018,Customer Service,Customer Service Representative,High School,Good,Yes,54378,57810,9/20/1994,
00-46642524,Angelina,Kostina,Female,Kazan,Kazan,3/5/2022,Operations,Logistics Coordinator,Bachelor,Good,Yes,50622,51935,8/6/2000,
00-36370610,Nina,Zykova,Female,Moscow,Moscow,12/26/2017,IT,IT Support Specialist,Bachelor,Excellent,No,56005,62171,3/27/1984,
00-80600044,Matvej,Fedotov,Male,Moscow,Moscow,10/11/2023,Customer Service,Support Specialist,High School,Satisfactory,No,59501,65767,6/24/1984,
00-75088709,Polikarp,Poljakov,Male,Moscow,Moscow,11/28/2020,IT,System Administrator,Bachelor,Good,No,76635,88991,1/27/1999,5/6/2022
00-98904046,Luk'jan,Shirjaev,Male,Moscow,Moscow,1/19/2022,Operations,Operations Analyst,Bachelor,Satisfactory,No,55061,64030,2/19/2004,
00-55582968,Larisa,Nesterova,Female,Moscow,Moscow,9/9/2018,Sales,Sales Specialist,Bachelor,Satisfactory,No,68757,72661,2/8/1981,
00-51147290,Evfrosinija,Samojlova,Female,Moscow,Moscow,3/21/2017,Operations,Logistics Coordinator,Bachelor,Good,No,53096,55702,10/27/2007,
00-19974396,Artem,Sharapov,Male,Moscow,Moscow,2/4/2023,IT,Software Developer,Bachelor,Good,Yes,74201,88060,12/31/1992,
00-49196905,Ol'ga,Gorshkova,Female,Moscow,Moscow,11/23/2019,Sales,Sales Representative,Bachelor,Good,Yes,56456,58603,5/21/1994,
00-48908309,Galina,Kopylova,Female,Moscow,Moscow,3/15/2023,Operations,Inventory Specialist,Bachelor,Satisfactory,No,55948,58666,3/11/2005,
00-30334804,Ruslan,Lukin,Male,Moscow,Moscow,10/10/2022,IT,IT Support Specialist,High School,Satisfactory,Yes,50461,53631,8/9/1997,
00-79836515,Lukija,Ponomareva,Female,Moscow,Moscow,11/4/2019,Sales,Sales Representative,Bachelor,Good,No,58424,62225,5/21/1980,2/4/2022
00-52179450,Vsemil,Kapustin,Male,Moscow,Moscow,9/6/2017,Sales,Sales Specialist,Master,Good,Yes,68733,72749,9/1/1992,
00-66725883,Taras,Voronov,Male,Moscow,Moscow,9/19/2019,Sales,Sales Manager,PhD,Satisfactory,Yes,97547,107371,10/7/1991,
00-16952784,German,Andreev,Male,Moscow,Moscow,3/15/2017,Sales,Sales Consultant,PhD,Good,No,80111,88248,6/2/1972,
00-70804589,Ostap,Sobolev,Male,Moscow,Moscow,3/5/2016,Sales,Sales Representative,Bachelor,Good,No,55929,64813,8/11/1994,
00-51245600,Julija,Bogdanova,Female,Moscow,Moscow,4/30/2017,Marketing,Content Creator,High School,Satisfactory,No,56001,59369,10/23/1989,
00-38291759,Radim,Miheev,Male,Moscow,Moscow,2/3/2016,Sales,Sales Consultant,Master,Good,Yes,88217,95213,6/3/1994,
00-84049438,Nikifor,Burov,Male,Moscow,Moscow,3/14/2018,Operations,Logistics Coordinator,Bachelor,Good,Yes,58852,70225,3/17/1986,7/3/2019
00-75803971,Filimon,Kulagin,Male,Moscow,Moscow,3/7/2018,IT,Software Developer,Bachelor,Good,No,83193,98778,1/1/2001,
00-22502288,Ul'jana,Baranova,Female,Moscow,Moscow,1/31/2024,Sales,Sales Representative,Bachelor,Good,No,67356,70779,9/29/2006,
00-29610355,Gurij,Vladimirov,Male,Moscow,Moscow,4/29/2023,Customer Service,Customer Service Representative,High School,Good,Yes,59836,63251,9/10/2007,
00-60994370,Fevronija,Nesterova,Female,Moscow,Moscow,3/3/2023,Operations,Inventory Specialist,Bachelor,Satisfactory,No,57444,58804,7/29/2002,
00-44413132,Elizaveta,Voronova,Female,Moscow,Moscow,9/23/2024,Customer Service,Help Desk Technician,High School,Good,No,64301,66732,12/10/1993,
00-80918566,Pelageja,Grishina,Female,Moscow,Moscow,11/20/2023,Customer Service,Customer Service Representative,Bachelor,Satisfactory,No,53597,55712,10/4/2004,9/28/2024
00-35320403,Gordej,Sysoev,Male,Moscow,Moscow,2/2/2016,Operations,Logistics Coordinator,Bachelor,Good,No,50365,60183,9/4/2000,
00-37833338,Oksana,Kosheleva,Female,Moscow,Moscow,12/28/2022,IT,IT Support Specialist,High School,Excellent,No,55231,60117,7/28/1991,
00-84042520,Feliks,Naumov,Male,Moscow,Moscow,3/24/2016,Operations,Inventory Specialist,High School,Satisfactory,No,56448,62796,7/1/1997,
00-42085632,Serafim,Evseev,Male,Moscow,Moscow,11/27/2017,Marketing,Content Creator,High School,Good,No,56912,61024,3/10/1986,
00-81635888,Veronika,Rozhkova,Female,Moscow,Moscow,4/10/2020,Operations,Operations Analyst,Bachelor,Good,No,63628,68183,11/3/1980,2/15/2024
00-69535547,Taisija,Kirillova,Female,Moscow,Moscow,3/31/2016,Operations,Logistics Coordinator,Bachelor,Needs Improvement,Yes,55090,59474,9/23/1996,11/22/2019
00-92861537,Ivanna,Maksimova,Female,Moscow,Moscow,1/29/2020,Operations,Inventory Specialist,High School,Needs Improvement,No,58457,62167,3/13/1981,
00-86248344,Galina,Hohlova,Female,Kazan,Kazan,4/9/2023,Sales,Sales Specialist,Bachelor,Good,No,72836,77254,4/15/2004,
00-96446530,Trifon,Shashkov,Male,Moscow,Moscow,7/28/2016,Operations,Logistics Coordinator,Bachelor,Good,No,51483,62482,11/3/1986,
00-50428986,Alevtina,Kotova,Female,Moscow,Moscow,8/7/2015,IT,System Administrator,Master,Excellent,No,78364,89849,1/3/1971,
00-76310203,Radim,Nikonov,Male,Moscow,Moscow,7/9/2018,Customer Service,Help Desk Technician,High School,Good,No,60548,66029,11/2/2003,
00-63706111,Evstignej,Evdokimov,Male,Moscow,Moscow,6/7/2016,Operations,Operations Analyst,Master,Satisfactory,Yes,59251,63279,12/19/1991,
00-83326945,Tamara,Koroleva,Female,Moscow,Moscow,9/2/2024,Operations,Inventory Specialist,Bachelor,Good,Yes,57047,61691,5/27/1980,
00-80063768,Adam,Kuznetsov,Male,Moscow,Moscow,2/14/2019,Operations,Logistics Coordinator,Bachelor,Good,No,58117,67828,5/16/1999,
00-83777002,Sinklitikija,Baranova,Female,Kazan,Kazan,5/27/2019,HR,Recruiter,Bachelor,Satisfactory,No,64227,66621,5/20/2005,
00-11088886,Fedosij,Nikitin,Male,Moscow,Moscow,2/2/2023,Operations,Inventory Specialist,High School,Good,No,54083,59244,12/23/1999,
00-60002179,Terentij,Avdeev,Male,Moscow,Moscow,2/1/2019,Operations,Operations Analyst,Bachelor,Good,No,71413,84451,5/28/2004,
00-28967655,Demid,Evseev,Male,Moscow,Moscow,4/18/2015,IT,IT Support Specialist,High School,Satisfactory,Yes,57248,62222,5/2/1990,
00-19752617,Galina,Fomicheva,Female,Moscow,Moscow,5/27/2020,IT,Software Developer,Master,Good,Yes,76610,87938,6/16/1994,
00-93536532,Mark,Kondrat'ev,Male,Moscow,Moscow,1/4/2017,Operations,Logistics Coordinator,Bachelor,Good,Yes,57825,66621,6/2/1999,
00-51826926,Valentina,Fedorova,Female,Moscow,Moscow,1/4/2017,Sales,Sales Consultant,Master,Good,No,77107,88120,12/28/1998,
00-64676918,Moisej,Belousov,Male,Kazan,Kazan,4/21/2017,Sales,Sales Representative,Bachelor,Good,Yes,62582,73525,8/4/1992,
00-79146065,Miron,Kovalev,Male,Moscow,Moscow,11/30/2022,IT,Software Developer,Master,Satisfactory,No,88884,95188,11/8/1976,
00-80360331,Faina,Romanova,Female,Moscow,Moscow,6/9/2016,Operations,Logistics Coordinator,Bachelor,Satisfactory,Yes,58409,61309,5/12/2001,
00-16032119,Valerij,Shashkov,Male,Moscow,Moscow,9/13/2023,Sales,Sales Representative,Bachelor,Excellent,No,63722,78465,6/28/1981,
00-97265133,Nadezhda,Davydova,Female,Moscow,Moscow,12/12/2024,Sales,Sales Consultant,PhD,Good,Yes,85286,109938,9/1/1974,
00-48492362,Majja,Kiseleva,Female,Moscow,Moscow,2/8/2018,Operations,Inventory Specialist,Bachelor,Good,Yes,59847,64548,8/31/1986,
00-97804095,Kir,Danilov,Male,Moscow,Moscow,9/11/2016,Operations,Inventory Specialist,Bachelor,Satisfactory,No,55888,65681,2/15/2004,
00-15706617,Zoja,Guljaeva,Female,Moscow,Moscow,10/7/2016,Operations,Inventory Specialist,Bachelor,Good,No,55496,62706,9/20/1980,
00-28886040,Ol'ga,Aleksandrova,Female,Moscow,Moscow,1/2/2016,Sales,Sales Specialist,Bachelor,Needs Improvement,No,75165,82400,11/15/1981,
00-30176483,Anzhelika,Vlasova,Female,Kazan,Kazan,1/3/2017,Operations,Inventory Specialist,High School,Good,No,56638,63184,10/24/1981,
00-77577489,Ivan,Bykov,Male,Moscow,Moscow,12/6/2020,HR,HR Coordinator,Bachelor,Satisfactory,No,55480,64444,9/29/1999,
00-33763152,Sinklitikija,Samojlova,Female,Moscow,Moscow,11/9/2020,Operations,Inventory Specialist,Bachelor,Needs Improvement,Yes,54087,58809,4/10/1990,
00-57401696,Nikodim,Doronin,Male,Moscow,Moscow,9/11/2024,Sales,Sales Specialist,Bachelor,Satisfactory,No,61225,71465,7/2/1995,
00-39979517,Nikandr,Shubin,Male,Moscow,Moscow,1/25/2023,Operations,Inventory Specialist,High School,Satisfactory,Yes,58227,61461,11/11/2004,
00-12617897,Gleb,Koshelev,Male,Moscow,Moscow,6/12/2022,Operations,Inventory Specialist,Bachelor,Good,Yes,56262,64487,4/26/1998,
00-47917237,Prohor,Nikiforov,Male,Moscow,Moscow,7/20/2019,Operations,Operations Analyst,Master,Excellent,No,75528,79243,4/13/1998,
00-71162966,Izmail,Vasil'ev,Male,Moscow,Moscow,1/1/2022,Customer Service,Support Specialist,High School,Excellent,No,55931,60725,6/25/1986,
00-32520169,Evsej,Veselov,Male,Moscow,Moscow,6/29/2023,Sales,Sales Representative,Bachelor,Satisfactory,No,68149,81302,7/20/1999,
00-11386615,Feliks,Veselov,Male,Moscow,Moscow,10/3/2017,IT,Software Developer,Master,Good,No,81436,87225,11/9/1985,5/23/2020
00-68208491,Dar'ja,Rusakova,Female,Moscow,Moscow,2/19/2017,Sales,Sales Consultant,Master,Good,Yes,82703,92302,6/5/1998,
00-12780325,Artemij,Tihonov,Male,Moscow,Moscow,2/17/2024,Operations,Inventory Specialist,High School,Satisfactory,Yes,52701,57953,12/20/1983,
00-57646768,Julija,Suhanova,Female,Moscow,Moscow,12/26/2018,HR,Recruiter,High School,Satisfactory,No,68950,76022,10/10/1981,
00-22618010,Aver'jan,Filippov,Male,Moscow,Moscow,6/18/2021,Operations,Inventory Specialist,Bachelor,Needs Improvement,Yes,59551,71157,10/20/2000,
00-59916606,Ljudmila,Vorob'eva,Female,Moscow,Moscow,4/23/2019,Operations,Inventory Specialist,Bachelor,Good,No,59535,64000,6/9/1991,
00-53654794,Mefodij,Lebedev,Male,Moscow,Moscow,2/9/2015,Operations,Logistics Coordinator,Bachelor,Good,No,51569,61835,3/4/1985,
00-50617482,Natal'ja,Frolova,Female,Moscow,Moscow,4/7/2020,Marketing,Marketing Manager,Master,Good,Yes,82505,93541,4/21/1985,
00-81108273,Aristarh,Aksenov,Male,Moscow,Moscow,2/19/2021,Sales,Sales Manager,Master,Satisfactory,No,76645,81761,4/2/1979,
00-84462288,Jan,Avdeev,Male,Kazan,Kazan,1/4/2023,HR,HR Coordinator,Bachelor,Good,No,58514,68857,9/10/2001,
00-50089162,Zosima,Kalinin,Male,Moscow,Moscow,2/9/2021,Sales,Sales Representative,Bachelor,Good,No,62935,74767,3/14/2003,
00-85066708,Veronika,Lebedeva,Female,Moscow,Moscow,10/16/2018,Marketing,SEO Specialist,High School,Good,No,64699,68596,12/22/1988,
00-17729439,Terentij,Gordeev,Male,Moscow,Moscow,2/2/2024,Operations,Inventory Specialist,High School,Needs Improvement,No,58376,63364,6/18/2001,
00-42109187,Evfrosinija,Zaharova,Female,Moscow,Moscow,12/19/2024,Finance,Finance Manager,PhD,Satisfactory,No,114277,144965,3/12/1960,
00-98776335,Januarij,Kovalev,Male,Moscow,Moscow,2/3/2023,IT,System Administrator,Master,Satisfactory,No,73702,77260,2/23/1994,6/8/2024
00-37438794,Boleslav,Strelkov,Male,Moscow,Moscow,10/1/2023,Marketing,SEO Specialist,Bachelor,Good,No,67157,80611,11/2/1982,
00-21729623,Ljudmila,D'jachkova,Female,Moscow,Moscow,6/23/2024,IT,Software Developer,Master,Good,No,93570,109696,8/1/1985,
00-18848796,Vseslav,Isaev,Male,Moscow,Moscow,3/6/2021,Marketing,SEO Specialist,Bachelor,Satisfactory,Yes,50695,62416,6/10/1985,
00-67823652,Polina,Shirjaeva,Female,Moscow,Moscow,6/4/2024,Marketing,SEO Specialist,Bachelor,Good,No,54075,57774,4/22/2002,
00-55696558,Evgenija,Grishina,Female,Moscow,Moscow,2/24/2024,Operations,Operations Analyst,Master,Excellent,No,64731,74654,9/3/1997,
00-16043966,Prokl,Simonov,Male,Moscow,Moscow,2/11/2019,IT,Software Developer,Bachelor,Satisfactory,No,91861,109964,7/29/1984,
00-60171091,Arkadij,Novikov,Male,Moscow,Moscow,6/22/2018,Sales,Sales Representative,Bachelor,Good,No,69455,82312,12/26/1989,
00-16911920,Alla,Kopylova,Female,Moscow,Moscow,9/25/2021,Customer Service,Customer Service Manager,Master,Good,Yes,83251,102650,9/25/1963,
00-52302792,Luk'jan,Krjukov,Male,Kazan,Kazan,1/5/2022,Operations,Logistics Coordinator,Bachelor,Excellent,No,50388,58503,6/20/2007,11/25/2022
00-74427005,Ksenija,Sergeeva,Female,Moscow,Moscow,7/18/2023,Operations,Operations Analyst,Bachelor,Satisfactory,No,66462,69911,4/10/2007,
00-39436584,Naina,Knjazeva,Female,Moscow,Moscow,1/27/2021,IT,Software Developer,Bachelor,Good,Yes,89480,93590,5/3/1995,
00-22609025,Vladilen,Volkov,Male,Moscow,Moscow,6/27/2022,Operations,Logistics Coordinator,Bachelor,Good,No,59132,67934,5/1/2004,12/10/2023
00-76240134,Antonina,Belozerova,Female,Moscow,Moscow,1/22/2023,Sales,Sales Representative,Bachelor,Excellent,No,67157,72226,9/7/1998,
00-32009963,Panfil,Guljaev,Male,Moscow,Moscow,10/26/2020,Sales,Sales Representative,Bachelor,Good,No,69401,80655,8/22/2006,8/26/2021
00-72800652,Leonid,Judin,Male,Moscow,Moscow,7/11/2020,Finance,Accounts Payable Specialist,Bachelor,Satisfactory,No,54439,63308,8/13/1987,
00-62331825,Sergej,Krasil'nikov,Male,Moscow,Moscow,6/5/2022,IT,Software Developer,Bachelor,Good,No,83790,97302,12/11/1987,
00-35641891,Il'ja,Hohlov,Male,Moscow,Moscow,6/23/2023,Operations,Logistics Coordinator,Bachelor,Satisfactory,No,50038,60231,1/4/1991,5/15/2024
00-28089649,Vlas,Isaev,Male,Moscow,Moscow,3/12/2020,Sales,Sales Representative,Bachelor,Satisfactory,No,55720,65270,5/21/1988,
00-32639136,Agata,Subbotina,Female,Kazan,Kazan,6/18/2020,Sales,Sales Representative,Bachelor,Good,No,69583,73173,11/13/1988,
00-70082652,Maksim,Romanov,Male,Moscow,Moscow,9/19/2024,IT,Software Developer,Bachelor,Satisfactory,No,75032,87807,6/13/1994,
00-25389085,Igor',Kornilov,Male,Moscow,Moscow,6/25/2017,Sales,Sales Specialist,Bachelor,Good,Yes,58646,68244,1/3/1989,
00-65207212,Stepan,Kirillov,Male,Moscow,Moscow,9/22/2017,IT,Software Developer,Bachelor,Good,No,91664,108537,10/27/1991,3/24/2024
00-44407337,Anzhela,Nikitina,Female,Kazan,Kazan,2/23/2021,Sales,Sales Consultant,Bachelor,Excellent,Yes,66258,70363,12/27/1998,
00-54026657,Dobromysl,Nikonov,Male,Moscow,Moscow,8/14/2019,Customer Service,Help Desk Technician,High School,Satisfactory,Yes,54002,57237,8/4/1998,
00-70495597,Danila,Gorshkov,Male,Moscow,Moscow,7/23/2020,IT,Software Developer,Master,Satisfactory,Yes,88543,95181,8/29/1987,
00-68237359,Parfen,Uvarov,Male,Kazan,Kazan,3/23/2022,Sales,Sales Consultant,PhD,Satisfactory,Yes,62863,66728,3/25/1996,
00-36896326,Eduard,Ignatov,Male,Moscow,Moscow,5/30/2017,Sales,Sales Specialist,Bachelor,Good,No,79966,95812,4/17/1992,
00-86616001,Nina,Sorokina,Female,Moscow,Moscow,3/6/2022,Sales,Sales Representative,Bachelor,Good,Yes,52998,56686,4/8/1991,
00-97254753,Ljubov',Lihacheva,Female,Moscow,Moscow,12/25/2020,Customer Service,Help Desk Technician,High School,Good,No,54263,56364,2/8/2001,
00-21294231,Sergej,Filippov,Male,Moscow,Moscow,9/6/2020,Customer Service,Support Specialist,Bachelor,Satisfactory,No,56349,66058,9/1/1996,10/27/2021
00-32411486,Porfirij,Zaharov,Male,Kazan,Kazan,1/8/2022,Marketing,Marketing Coordinator,Bachelor,Satisfactory,Yes,61472,74396,8/21/1984,
00-94036548,Timur,Orlov,Male,Moscow,Moscow,11/15/2020,Marketing,Marketing Coordinator,Bachelor,Good,No,55681,66886,5/28/1980,
00-32842712,Iosif,Ustinov,Male,Moscow,Moscow,8/10/2015,Operations,Operations Analyst,Master,Satisfactory,No,52131,58242,10/6/1971,
00-73330964,Ostap,Vorontsov,Male,Moscow,Moscow,4/14/2022,IT,System Administrator,Bachelor,Good,No,77211,93114,4/25/1994,
00-75061882,Martyn,Isaev,Male,Moscow,Moscow,12/8/2022,Sales,Sales Representative,Bachelor,Good,No,65738,76603,3/15/1990,6/19/2024
00-28770840,Nina,Prohorova,Female,Moscow,Moscow,1/25/2017,Sales,Sales Representative,Bachelor,Excellent,Yes,58853,63140,1/6/1997,
00-21880265,Julija,Ivanova,Female,Moscow,Moscow,2/14/2023,Operations,Logistics Coordinator,Bachelor,Good,Yes,56114,57958,3/31/2005,
00-71788603,Stanimir,Knjazev,Male,Moscow,Moscow,2/12/2021,Operations,Inventory Specialist,Bachelor,Satisfactory,No,54291,65314,2/16/1983,
00-85429499,Praskov'ja,Potapova,Female,Moscow,Moscow,1/12/2020,Marketing,SEO Specialist,Bachelor,Good,Yes,75500,79009,11/11/2007,
00-29947918,Evsej,Lukin,Male,Moscow,Moscow,11/22/2024,Finance,Accounts Payable Specialist,Bachelor,Good,Yes,50521,59926,7/30/1996,
00-76505662,Anastasija,Kozlova,Female,Moscow,Moscow,11/24/2023,Finance,Accountant,Bachelor,Good,No,62555,66356,9/11/1992,
00-29631929,Vladilen,Gorbunov,Male,Kazan,Kazan,5/20/2023,Operations,Logistics Coordinator,Bachelor,Good,No,53198,61719,7/12/1988,
00-79332123,Januarij,Fokin,Male,Moscow,Moscow,1/11/2020,Sales,Sales Specialist,Bachelor,Good,Yes,60557,69700,11/7/1998,
00-43229218,Nonna,Sazonova,Female,Moscow,Moscow,10/18/2020,Operations,Operations Analyst,Bachelor,Good,No,65130,68467,7/10/1982,
00-94665321,Marija,Solov'eva,Female,Moscow,Moscow,3/6/2017,Operations,Inventory Specialist,High School,Good,Yes,54757,56548,2/23/2003,
00-20610725,Aristarh,Medvedev,Male,Moscow,Moscow,12/12/2019,Operations,Inventory Specialist,Bachelor,Good,Yes,53289,61640,12/6/2002,
00-83603119,Vasilij,Fedotov,Male,Moscow,Moscow,9/1/2017,Operations,Inventory Specialist,High School,Good,No,51753,56670,3/10/1998,10/23/2024
00-83138864,Ul'jan,Matveev,Male,Kazan,Kazan,5/18/2023,Operations,Logistics Coordinator,Bachelor,Good,No,52259,60301,10/28/1998,
00-99877566,Evdokija,Zimina,Female,Kazan,Kazan,5/23/2015,Finance,Accountant,Bachelor,Satisfactory,No,53817,57555,6/20/1990,
00-90568320,Larisa,Nikolaeva,Female,Kazan,Kazan,2/9/2015,Operations,Inventory Specialist,High School,Satisfactory,No,57806,63958,9/26/1981,
00-79852230,Gleb,Nikitin,Male,Kazan,Kazan,9/21/2016,Marketing,Content Creator,High School,Satisfactory,No,57081,61684,4/7/1999,
00-36851028,Erast,Panov,Male,Moscow,Moscow,11/15/2021,Operations,Logistics Coordinator,Bachelor,Good,No,50573,61353,12/18/1988,
00-84741734,Evdokim,Fadeev,Male,Moscow,Moscow,2/27/2017,IT,Software Developer,Master,Excellent,No,70172,74812,11/13/1986,
00-18383773,Valerija,Potapova,Female,Moscow,Moscow,1/22/2022,Customer Service,Support Specialist,High School,Satisfactory,No,56638,59632,10/20/1982,
00-12488456,Ul'jana,Kulikova,Female,Moscow,Moscow,6/7/2015,Operations,Logistics Coordinator,Bachelor,Good,Yes,58875,61481,3/9/1991,
00-81540506,Marina,Fomina,Female,Moscow,Moscow,2/14/2017,Sales,Sales Specialist,PhD,Good,No,57109,77451,5/13/1969,
00-50125402,Nestor,Moiseev,Male,Moscow,Moscow,10/30/2020,Operations,Logistics Coordinator,Bachelor,Good,Yes,54724,64115,1/2/2005,
00-21939324,Polina,Kostina,Female,Moscow,Moscow,9/1/2019,Customer Service,Customer Service Representative,High School,Good,No,52290,58374,2/11/1980,
00-81932208,Anastasija,Larionova,Female,Moscow,Moscow,3/22/2023,Operations,Operations Analyst,Master,Good,No,56001,67166,9/29/1970,
00-78529802,Karl,Kornilov,Male,Moscow,Moscow,6/26/2017,Marketing,SEO Specialist,Bachelor,Good,Yes,63579,74819,4/2/2001,
00-49644604,Viktorin,Larionov,Male,Moscow,Moscow,12/11/2016,HR,Recruiter,Bachelor,Good,No,55290,64761,2/2/2007,5/27/2018
00-31936080,Lora,Dmitrieva,Female,Moscow,Moscow,1/1/2024,Customer Service,Customer Service Representative,Bachelor,Satisfactory,Yes,58226,65094,9/8/1981,
00-13419022,Izjaslav,Pahomov,Male,Moscow,Moscow,7/2/2023,IT,System Administrator,Master,Good,No,62408,66729,8/23/1998,
00-11432523,Jakov,Gorbachev,Male,Moscow,Moscow,10/24/2017,IT,Software Developer,Master,Good,Yes,82267,87741,9/11/1992,
00-20720665,Bojan,Petrov,Male,Moscow,Moscow,12/20/2015,Sales,Sales Representative,Bachelor,Good,Yes,58758,70301,3/2/1996,
00-59799293,Aleksej,Kopylov,Male,Moscow,Moscow,12/6/2017,Operations,Inventory Specialist,High School,Excellent,No,58806,65235,4/24/1998,
00-58050857,Kir,Timofeev,Male,Moscow,Moscow,3/25/2016,Operations,Operations Analyst,Bachelor,Good,No,77133,97359,6/7/1980,
00-98314404,Anikej,Kuznetsov,Male,Moscow,Moscow,8/13/2020,Finance,Accounts Payable Specialist,Bachelor,Good,No,58398,68318,6/5/1997,
00-68872670,Nonna,Simonova,Female,Moscow,Moscow,8/7/2020,Marketing,SEO Specialist,High School,Good,No,67852,70660,12/5/1999,
00-22970331,Ol'ga,Solov'eva,Female,Kazan,Kazan,9/8/2023,IT,IT Support Specialist,Bachelor,Satisfactory,No,50018,54597,7/9/1992,
00-68526821,Valer'jan,Kalashnikov,Male,Moscow,Moscow,10/2/2023,Sales,Sales Representative,Bachelor,Satisfactory,No,52460,61063,3/22/2004,
00-64530558,Demid,Matveev,Male,Moscow,Moscow,8/4/2018,IT,IT Support Specialist,High School,Good,No,57978,64851,7/16/1995,
00-47591021,Januarij,Sysoev,Male,Moscow,Moscow,11/5/2024,Operations,Logistics Coordinator,Bachelor,Good,No,52300,61290,2/20/1992,
00-24595866,Emilija,Emel'janova,Female,Kazan,Kazan,3/6/2016,IT,System Administrator,Bachelor,Good,Yes,78550,82969,8/7/1989,
00-46704399,Pelageja,Davydova,Female,Moscow,Moscow,12/28/2017,Marketing,SEO Specialist,Bachelor,Needs Improvement,No,67741,71143,5/15/2005,
00-53728440,Fekla,Lavrent'eva,Female,Moscow,Moscow,1/13/2023,IT,IT Support Specialist,High School,Good,No,50725,52587,9/2/2000,10/1/2023
00-44460619,Valentina,Schukina,Female,Moscow,Moscow,6/15/2023,Marketing,SEO Specialist,High School,Satisfactory,No,51274,54618,3/4/1980,
00-74294672,Larisa,Komissarova,Female,Moscow,Moscow,11/5/2019,IT,Software Developer,Bachelor,Excellent,No,83868,89906,10/11/1983,
00-10540422,Marfa,Tsvetkova,Female,Moscow,Moscow,11/28/2016,IT,IT Support Specialist,High School,Needs Improvement,No,51616,56344,1/6/1990,
00-63712770,Tat'jana,Gavrilova,Female,Moscow,Moscow,11/10/2015,Sales,Sales Specialist,PhD,Good,No,52104,65346,8/20/1975,
00-40675951,Longin,Andreev,Male,Moscow,Moscow,3/22/2019,Sales,Sales Manager,Master,Good,No,85868,93593,11/27/1991,
00-76959357,Savva,Kuz'min,Male,Moscow,Moscow,12/5/2022,Sales,Sales Representative,Bachelor,Good,No,60716,73667,12/23/1986,12/21/2023
00-62715518,Nikolaj,Sharapov,Male,Moscow,Moscow,4/20/2023,Customer Service,Support Specialist,High School,Good,No,54779,60347,5/25/1998,
00-97846502,Vjacheslav,Golubev,Male,Moscow,Moscow,9/9/2018,Operations,Operations Analyst,Master,Excellent,No,77792,84110,12/26/1995,
00-19037519,Zosima,Vinogradov,Male,Moscow,Moscow,10/15/2016,Operations,Logistics Coordinator,Bachelor,Good,Yes,58424,69892,9/24/1986,3/12/2021
00-31071290,Veronika,Komissarova,Female,Kazan,Kazan,11/10/2021,Customer Service,Help Desk Technician,High School,Good,No,58187,62174,12/10/1999,
00-32566122,Pankrat,Il'in,Male,Kazan,Kazan,4/24/2022,IT,IT Manager,PhD,Satisfactory,No,108158,125645,4/25/1963,
00-70270113,Venedikt,Shubin,Male,Moscow,Moscow,7/31/2018,Customer Service,Customer Service Representative,Bachelor,Good,Yes,54074,63948,6/23/2001,
00-49999342,Antonina,Fedotova,Female,Moscow,Moscow,6/8/2024,Finance,Accounts Payable Specialist,Bachelor,Satisfactory,No,55867,59059,7/6/1993,
00-41693508,Ustin,Larionov,Male,Moscow,Moscow,2/21/2015,Operations,Inventory Specialist,Bachelor,Excellent,No,53842,61378,9/10/2003,
00-36313807,Innokentij,Markov,Male,Moscow,Moscow,12/17/2018,Customer Service,Help Desk Technician,High School,Needs Improvement,No,75926,83881,8/24/1998,
00-62673446,Evpraksija,Samsonova,Female,Moscow,Moscow,12/12/2020,Customer Service,Help Desk Technician,High School,Needs Improvement,No,79110,83422,10/30/1992,
00-33341304,Nina,Zaharova,Female,Moscow,Moscow,9/6/2024,Sales,Sales Representative,Bachelor,Satisfactory,No,58654,60377,3/13/1997,
00-18882302,Dorofej,Krasil'nikov,Male,Moscow,Moscow,7/17/2019,Operations,Logistics Coordinator,Bachelor,Good,Yes,56032,66691,2/7/1990,
00-20596217,Iosif,Belousov,Male,Kazan,Kazan,4/22/2021,Sales,Sales Representative,Bachelor,Satisfactory,No,55095,68850,12/8/1981,
00-61175360,Rodion,Sidorov,Male,Moscow,Moscow,6/30/2015,Finance,Accounts Payable Specialist,Bachelor,Satisfactory,No,56051,64542,11/26/2005,
00-72044366,Iraida,Kulikova,Female,Moscow,Moscow,11/14/2017,IT,IT Support Specialist,High School,Satisfactory,No,55188,58169,2/15/2006,
00-20174556,Stepan,Lazarev,Male,Kazan,Kazan,7/8/2018,Sales,Sales Representative,Bachelor,Good,No,55527,65232,11/2/1988,
00-56127637,Elizaveta,Lazareva,Female,Moscow,Moscow,8/9/2015,Customer Service,Help Desk Technician,High School,Good,Yes,61850,67911,11/15/1987,
00-55178333,Ljubosmysl,Kuznetsov,Male,Moscow,Moscow,1/5/2019,Operations,Operations Analyst,Master,Excellent,No,59286,65294,1/25/1970,
00-45741556,Eleonora,Selezneva,Female,Moscow,Moscow,10/22/2017,IT,IT Support Specialist,High School,Needs Improvement,Yes,58436,61257,8/27/2001,
00-65587131,Varvara,Rybakova,Female,Kazan,Kazan,6/16/2017,Sales,Sales Specialist,PhD,Satisfactory,Yes,55167,70136,9/26/1980,
00-92924491,Demid,Davydov,Male,Moscow,Moscow,6/22/2023,Customer Service,Help Desk Technician,High School,Satisfactory,No,69928,77712,6/1/1991,3/3/2024
00-40436408,Emilija,Moiseeva,Female,Moscow,Moscow,8/27/2017,Sales,Sales Manager,Master,Excellent,No,106069,121480,7/18/1979,
00-16892333,Vissarion,Timofeev,Male,Moscow,Moscow,7/17/2024,Operations,Logistics Coordinator,Bachelor,Good,No,53379,63639,11/10/1983,
00-97412252,Vera,Zykova,Female,Moscow,Moscow,7/3/2022,Operations,Inventory Specialist,High School,Satisfactory,No,56130,62194,5/5/1982,
00-29266782,Onufrij,Aksenov,Male,Moscow,Moscow,6/27/2015,Customer Service,Support Specialist,Bachelor,Satisfactory,Yes,58270,70526,1/10/1984,
00-59525431,Modest,Bol'shakov,Male,Kazan,Kazan,5/13/2020,Finance,Accountant,Bachelor,Good,No,50865,59365,11/24/1992,
00-21796803,Leon,Lapin,Male,Moscow,Moscow,11/22/2018,Finance,Accountant,Bachelor,Good,No,62007,72616,1/15/1984,
00-33115326,Julij,Shestakov,Male,Moscow,Moscow,8/12/2024,Customer Service,Customer Service Representative,High School,Good,Yes,59762,66505,5/14/1989,
00-93576261,Regina,Popova,Female,Moscow,Moscow,6/18/2016,IT,IT Support Specialist,Bachelor,Good,No,54860,57648,2/24/2005,7/25/2018
00-20868387,Demid,Ignat'ev,Male,Moscow,Moscow,8/24/2024,Operations,Inventory Specialist,High School,Good,No,55267,62449,7/15/1992,6/4/2025
00-85120404,Prokofij,Kozlov,Male,Moscow,Moscow,5/6/2018,Sales,Sales Manager,Master,Excellent,No,71356,75870,12/31/1982,
00-74154005,Raisa,Artem'eva,Female,Moscow,Moscow,2/17/2017,Sales,Sales Representative,Bachelor,Good,No,57173,61634,4/26/1989,
00-94157110,Sofija,Sharova,Female,Moscow,Moscow,12/13/2017,IT,IT Support Specialist,High School,Good,Yes,58597,63581,10/2/1993,
00-76742501,Galina,Baranova,Female,Moscow,Moscow,12/19/2018,Operations,Logistics Coordinator,Bachelor,Good,No,54424,58438,5/10/1998,
00-23551046,Julija,Zinov'eva,Female,Moscow,Moscow,4/26/2017,Customer Service,Support Specialist,Bachelor,Good,No,59221,63423,11/21/1980,
00-30208860,Anna,Selezneva,Female,Moscow,Moscow,7/28/2018,Marketing,Content Creator,High School,Good,Yes,53629,59839,8/29/1981,
00-25220935,Efim,Kudrjavtsev,Male,Moscow,Moscow,11/23/2024,Sales,Sales Consultant,Bachelor,Good,No,87284,100426,9/24/2001,
00-13787475,Harlampij,Egorov,Male,Moscow,Moscow,7/5/2019,Customer Service,Support Specialist,Bachelor,Good,Yes,59143,68497,12/6/1991,
00-16872421,Aver'jan,Beljaev,Male,Moscow,Moscow,12/14/2020,Operations,Logistics Coordinator,Bachelor,Satisfactory,Yes,58748,69619,1/21/1989,
00-42308939,Tamara,Knjazeva,Female,Moscow,Moscow,11/18/2022,Customer Service,Help Desk Technician,Bachelor,Satisfactory,Yes,74781,82229,4/15/1988,
00-11733854,Parfen,Fedoseev,Male,Moscow,Moscow,12/17/2024,Customer Service,Support Specialist,High School,Satisfactory,Yes,57931,64290,8/14/1996,
00-32241876,Isaj,Grishin,Male,Kazan,Kazan,2/7/2020,IT,System Administrator,Master,Good,No,83247,90273,7/27/1970,
00-94221938,Marina,Arhipova,Female,Moscow,Moscow,4/13/2019,Operations,Operations Analyst,Master,Good,Yes,72317,84630,3/12/1982,9/12/2022
00-19708745,Prokl,Kazakov,Male,Moscow,Moscow,8/11/2018,Operations,Inventory Specialist,High School,Satisfactory,Yes,58333,63575,9/15/1986,3/31/2023
00-26699987,Elena,Miheeva,Female,Kazan,Kazan,2/8/2015,Customer Service,Help Desk Technician,Bachelor,Good,No,66061,73544,4/25/1983,
00-23426763,Eduard,Nikonov,Male,Moscow,Moscow,8/28/2024,Sales,Sales Representative,Bachelor,Satisfactory,No,51515,64093,7/4/1983,
00-18059763,Fedot,Mihajlov,Male,Moscow,Moscow,2/28/2019,Operations,Inventory Specialist,Bachelor,Needs Improvement,No,58220,68982,10/18/2001,
00-96041789,Vissarion,Gorbunov,Male,Moscow,Moscow,6/23/2024,Sales,Sales Consultant,Master,Good,No,68540,71472,6/27/1995,
00-87848119,Aleksandra,Doronina,Female,Moscow,Moscow,7/6/2018,Customer Service,Customer Service Representative,Bachelor,Good,Yes,53901,56898,3/9/1992,
00-80959332,Rjurik,Gorshkov,Male,Kazan,Kazan,11/12/2019,Customer Service,Support Specialist,High School,Satisfactory,No,59513,63919,1/11/1983,
00-67420441,Filimon,Kabanov,Male,Moscow,Moscow,5/20/2020,Finance,Financial Analyst,Bachelor,Needs Improvement,No,80572,95425,4/16/1994,
00-83482948,Ilarion,Guschin,Male,Moscow,Moscow,3/24/2019,Customer Service,Help Desk Technician,Bachelor,Satisfactory,No,55937,66765,4/29/1997,
00-27734028,Fedosij,Abramov,Male,Moscow,Moscow,4/20/2021,Operations,Operations Analyst,Bachelor,Good,No,74020,86223,4/26/2006,
00-88730320,Juvenalij,Artem'ev,Male,Moscow,Moscow,9/4/2015,IT,IT Support Specialist,Bachelor,Satisfactory,No,54993,65124,8/26/2001,
00-72483297,Kapiton,Drozdov,Male,Kazan,Kazan,9/3/2023,Sales,Sales Representative,Bachelor,Good,No,55542,63744,2/23/2003,
00-54274708,Faina,Pestova,Female,Moscow,Moscow,7/6/2017,Finance,Financial Analyst,Master,Good,No,64913,75000,10/1/1992,
00-41365488,Militsa,Kolesnikova,Female,Moscow,Moscow,5/5/2023,Customer Service,Support Specialist,High School,Good,No,50734,55049,1/31/1992,
00-47685844,Aleksandra,Rusakova,Female,Moscow,Moscow,11/23/2020,Marketing,Marketing Coordinator,Bachelor,Satisfactory,No,68605,75204,1/2/1990,
00-19728956,Elisej,Fedorov,Male,Moscow,Moscow,1/4/2017,Marketing,Marketing Coordinator,Bachelor,Needs Improvement,No,58381,67424,6/3/1995,
00-34519969,Anna,Sergeeva,Female,Moscow,Moscow,7/7/2023,Customer Service,Help Desk Technician,Bachelor,Good,No,72636,77349,9/28/1998,
00-12964540,Zosima,Lihachev,Male,Moscow,Moscow,7/6/2017,Sales,Sales Consultant,Master,Excellent,No,76927,80936,1/14/1997,
00-85114158,Varfolomej,Volkov,Male,Moscow,Moscow,12/5/2023,Operations,Logistics Coordinator,Bachelor,Good,No,59241,70963,11/20/1995,
00-96594743,Jurij,Konstantinov,Male,Moscow,Moscow,3/24/2019,Customer Service,Help Desk Technician,Bachelor,Good,No,50305,60388,3/13/1989,
00-40000341,Taisija,Schukina,Female,Moscow,Moscow,4/11/2024,Sales,Sales Consultant,Bachelor,Satisfactory,No,88344,94208,10/11/1986,
00-65213948,Ul'jan,Lebedev,Male,Moscow,Moscow,4/10/2022,Sales,Sales Representative,Bachelor,Good,No,52885,61332,5/9/2007,
00-31977815,Averkij,Birjukov,Male,Moscow,Moscow,6/4/2017,IT,IT Support Specialist,Bachelor,Needs Improvement,No,52278,63606,4/6/1989,
00-56301260,Tat'jana,Ponomareva,Female,Moscow,Moscow,7/5/2023,Operations,Operations Analyst,Bachelor,Good,Yes,70767,78255,7/29/1982,
00-83824415,Mart'jan,Shubin,Male,Moscow,Moscow,7/4/2020,Sales,Sales Specialist,Master,Good,No,59403,61964,3/16/1989,
00-33069155,Luka,Solov'ev,Male,Moscow,Moscow,8/29/2024,Sales,Sales Specialist,Master,Good,Yes,62897,66637,5/22/1996,
00-33583311,Alevtina,Pestova,Female,Moscow,Moscow,5/6/2015,Operations,Logistics Coordinator,Bachelor,Satisfactory,No,58189,60150,7/7/1999,
00-82381235,Pavel,Panov,Male,Moscow,Moscow,6/28/2016,Operations,Inventory Specialist,Bachelor,Good,No,55866,63425,1/16/2007,
00-43131830,Emmanuil,Rybakov,Male,Moscow,Moscow,12/30/2023,Finance,Financial Analyst,Master,Satisfactory,No,61110,63315,1/18/2001,
00-44424448,Platon,Galkin,Male,Moscow,Moscow,11/14/2024,Operations,Logistics Coordinator,Bachelor,Good,Yes,58970,67995,1/6/1996,
00-65158143,Ipatij,Blinov,Male,Moscow,Moscow,2/25/2020,Sales,Sales Representative,Bachelor,Satisfactory,No,51793,60276,10/30/1995,
00-70706468,Amvrosij,Nazarov,Male,Moscow,Moscow,6/9/2018,IT,IT Support Specialist,Bachelor,Satisfactory,No,54432,65484,5/12/1984,
00-71280009,Tihon,Isaev,Male,Moscow,Moscow,5/17/2019,Sales,Sales Specialist,Master,Good,No,60966,69475,5/16/1972,
00-18882187,Marfa,Selezneva,Female,Kazan,Kazan,12/4/2022,Sales,Sales Representative,Bachelor,Good,Yes,60876,64062,11/6/1997,
00-10753428,Vladislav,Burov,Male,Kazan,Kazan,10/28/2016,IT,Software Developer,Master,Excellent,No,94801,105770,1/13/1971,
00-98820298,Trofim,Shirjaev,Male,Moscow,Moscow,8/16/2022,Customer Service,Help Desk Technician,Bachelor,Good,No,56192,68605,11/4/1981,
00-25806744,Raisa,Kapustina,Female,Kazan,Kazan,2/17/2020,Sales,Sales Representative,Bachelor,Needs Improvement,Yes,57174,60684,10/9/1994,
00-82658781,Ernest,Popov,Male,Moscow,Moscow,5/15/2015,Customer Service,Customer Service Representative,Bachelor,Good,No,54093,63170,9/11/2000,2/27/2018
00-36279841,Ermolaj,Pavlov,Male,Moscow,Moscow,4/5/2020,Sales,Sales Specialist,Bachelor,Satisfactory,No,79295,95137,9/15/1997,
00-18347989,Ladimir,Tsvetkov,Male,Moscow,Moscow,2/9/2015,Operations,Operations Analyst,Master,Excellent,No,64008,67846,9/1/1991,
00-26590839,Irina,Jakovleva,Female,Moscow,Moscow,1/6/2019,Finance,Accountant,Bachelor,Satisfactory,No,70923,74407,6/16/1998,
00-68725896,Alla,Mamontova,Female,Moscow,Moscow,7/11/2021,IT,Software Developer,Bachelor,Good,No,91889,93862,8/28/2007,
00-14003972,Angelina,Kuz'mina,Female,Moscow,Moscow,4/2/2021,Operations,Operations Analyst,Master,Good,No,60062,67866,2/11/1998,
00-61569623,Marina,Lebedeva,Female,Moscow,Moscow,1/29/2015,Finance,Accountant,Bachelor,Good,No,53829,56345,6/12/1994,
00-56927238,Mihej,Kulakov,Male,Moscow,Moscow,9/1/2016,Customer Service,Support Specialist,High School,Good,No,54288,59287,3/20/2001,
00-63561867,Fevronija,Lapina,Female,Moscow,Moscow,4/1/2016,Finance,Accountant,Bachelor,Satisfactory,Yes,55999,60689,6/29/1997,
00-99855567,Antonina,Nikonova,Female,Kazan,Kazan,7/4/2024,Marketing,Marketing Coordinator,Bachelor,Good,No,56390,63749,10/15/1981,
00-83912556,Ipatij,Molchanov,Male,Moscow,Moscow,8/7/2017,IT,Software Developer,Master,Good,No,90517,96777,2/4/1976,4/3/2023
00-84867199,Rostislav,Kulagin,Male,Moscow,Moscow,8/18/2017,Sales,Sales Specialist,Master,Good,No,58608,65025,3/16/1988,
00-62608565,Afanasij,Ovchinnikov,Male,Moscow,Moscow,8/14/2017,IT,IT Support Specialist,Bachelor,Satisfactory,No,55108,64736,1/18/2006,
00-42835863,Majja,Naumova,Female,Kazan,Kazan,7/25/2016,Customer Service,Help Desk Technician,Bachelor,Satisfactory,No,67227,70745,2/8/1988,
00-31077773,Ljubomir,Kolesnikov,Male,Moscow,Moscow,1/19/2017,IT,IT Support Specialist,High School,Good,Yes,50476,54847,2/25/1994,
00-75581943,Aleksandra,Lukina,Female,Moscow,Moscow,9/1/2021,IT,Software Developer,Master,Good,No,93411,107201,12/2/1978,
00-35848456,Tvorimir,Guljaev,Male,Moscow,Moscow,4/18/2022,Operations,Logistics Coordinator,Bachelor,Satisfactory,Yes,56649,66848,8/31/1983,
00-94066140,Veniamin,Kuznetsov,Male,Moscow,Moscow,5/10/2016,HR,HR Assistant,High School,Needs Improvement,No,56368,63416,11/3/1988,
00-17961448,Valer'jan,Agafonov,Male,Moscow,Moscow,10/27/2016,Sales,Sales Consultant,Master,Satisfactory,No,64367,70084,9/16/1978,
00-87051394,Leonid,Nikonov,Male,Moscow,Moscow,4/5/2017,IT,IT Support Specialist,Bachelor,Good,No,53572,62108,12/27/2002,
00-60477951,Antonin,Kalinin,Male,Moscow,Moscow,11/22/2018,Operations,Logistics Coordinator,Bachelor,Good,Yes,59436,71137,7/21/1992,
00-77755038,Zosima,Shilov,Male,Moscow,Moscow,9/14/2018,Finance,Accountant,Bachelor,Good,No,64577,75667,4/16/1992,
00-83850883,Ustin,Petuhov,Male,Moscow,Moscow,6/2/2020,Customer Service,Help Desk Technician,High School,Satisfactory,No,66267,76087,9/21/1980,
00-99720649,Militsa,D'jachkova,Female,Moscow,Moscow,8/24/2019,Operations,Inventory Specialist,Bachelor,Good,No,58671,63347,5/10/1988,5/14/2020
00-39729455,Milan,Komarov,Male,Kazan,Kazan,4/3/2017,Operations,Operations Analyst,Bachelor,Excellent,Yes,58552,67180,2/5/2002,1/27/2022
00-75009159,Tamara,Nazarova,Female,Moscow,Moscow,6/29/2019,Customer Service,Help Desk Technician,Bachelor,Good,No,76765,85787,4/25/1985,
00-54459067,Bogdan,Ivanov,Male,Moscow,Moscow,5/5/2017,Sales,Sales Consultant,Master,Good,No,84416,87986,7/9/1990,
00-37524880,Andrej,Golubev,Male,Moscow,Moscow,7/2/2017,Operations,Logistics Coordinator,Bachelor,Good,No,55515,65272,3/20/2004,
00-77327698,Avdej,Zhdanov,Male,Moscow,Moscow,4/26/2019,IT,System Administrator,Master,Good,Yes,83003,88228,12/1/1982,
00-92483685,Evdokija,Suhanova,Female,Moscow,Moscow,7/28/2023,Operations,Inventory Specialist,High School,Good,No,52633,56724,10/6/1998,
00-21624399,Vasilisa,Muhina,Female,Kazan,Kazan,12/28/2015,Operations,Inventory Specialist,Bachelor,Good,Yes,53910,55989,11/5/2000,
00-64423491,Radislav,Krasil'nikov,Male,Kazan,Kazan,5/6/2023,Finance,Accounts Payable Specialist,Bachelor,Good,No,50688,58959,7/31/1998,
00-79058533,Nazar,Dement'ev,Male,Kazan,Kazan,4/30/2024,Operations,Inventory Specialist,High School,Satisfactory,No,59133,64839,5/28/1981,
00-46703671,Nina,Kozlova,Female,Moscow,Moscow,7/27/2018,Marketing,Content Creator,Bachelor,Satisfactory,Yes,54693,57528,12/23/1997,
00-29968678,Eleonora,Terent'eva,Female,Moscow,Moscow,2/10/2015,Marketing,Content Creator,Bachelor,Satisfactory,No,53714,56122,3/10/2007,
00-92994421,Afanasij,Denisov,Male,Kazan,Kazan,5/19/2024,IT,IT Support Specialist,Bachelor,Satisfactory,No,59734,70448,12/29/1986,10/5/2025
00-69890846,Alla,Tarasova,Female,Moscow,Moscow,4/22/2022,Sales,Sales Representative,Bachelor,Good,No,56119,59048,1/23/2002,
00-91974872,Potap,Danilov,Male,Kazan,Kazan,12/6/2019,Marketing,Content Creator,High School,Good,No,54949,59144,2/20/1990,
00-56451138,Valerija,Osipova,Female,Moscow,Moscow,6/14/2016,IT,System Administrator,Master,Good,No,69210,79643,3/23/1978,
00-11381765,Kazimir,Maslov,Male,Moscow,Moscow,11/16/2017,Operations,Logistics Coordinator,Bachelor,Good,Yes,56092,66844,2/11/2000,
00-89333215,Alla,Koroleva,Female,Moscow,Moscow,10/23/2023,Customer Service,Customer Service Representative,Bachelor,Good,No,58097,61862,8/6/1989,
00-92497590,Valentin,Terent'ev,Male,Moscow,Moscow,12/20/2020,Operations,Operations Analyst,Bachelor,Good,No,60241,70935,8/18/1992,9/21/2023
00-28079156,Fedor,Savin,Male,Moscow,Moscow,10/1/2023,Operations,Logistics Coordinator,Bachelor,Needs Improvement,No,55971,64571,1/14/1991,
00-60208760,Sofon,Gur'ev,Male,Moscow,Moscow,9/1/2024,Customer Service,Support Specialist,Bachelor,Satisfactory,No,52710,63501,4/18/1986,
00-89746790,Veronika,Eliseeva,Female,Moscow,Moscow,3/12/2023,IT,Software Developer,Bachelor,Needs Improvement,No,74162,79784,5/18/1997,
00-23979170,Milovan,Poljakov,Male,Moscow,Moscow,7/25/2023,Sales,Sales Representative,Bachelor,Good,No,60609,69853,10/28/2007,
00-58605303,Miroslav,Zajtsev,Male,Moscow,Moscow,6/1/2018,IT,IT Support Specialist,High School,Excellent,No,52528,55749,6/4/1996,
00-63382683,Stojan,Ustinov,Male,Kazan,Kazan,2/6/2017,Customer Service,Customer Service Representative,High School,Satisfactory,No,53233,58025,6/7/1982,
00-86079150,Valerija,Stepanova,Female,Moscow,Moscow,6/30/2019,Customer Service,Customer Service Representative,High School,Needs Improvement,No,54042,56338,12/15/1990,
00-52178638,Raisa,Arhipova,Female,Kazan,Kazan,4/2/2016,IT,IT Support Specialist,High School,Needs Improvement,No,55593,58370,1/23/1994,
00-49834932,Ljubomir,Rusakov,Male,Kazan,Kazan,6/28/2019,Customer Service,Support Specialist,Bachelor,Good,Yes,54866,64818,8/11/1989,
00-63085907,Zoja,Jakusheva,Female,Moscow,Moscow,3/26/2023,Customer Service,Support Specialist,Bachelor,Good,Yes,51614,54809,9/29/2001,
00-94253748,Ivanna,Frolova,Female,Moscow,Moscow,2/7/2022,Operations,Logistics Coordinator,Bachelor,Good,Yes,51792,57426,7/22/1986,
00-28947898,Anzhela,Strelkova,Female,Moscow,Moscow,8/30/2016,Customer Service,Support Specialist,High School,Satisfactory,No,52461,54967,5/31/1999,
00-40667239,Stojan,Gerasimov,Male,Moscow,Moscow,11/14/2016,IT,Software Developer,Master,Satisfactory,No,82518,89433,5/17/1979,9/15/2018
00-35314656,Lidija,Konovalova,Female,Moscow,Moscow,5/5/2022,Operations,Logistics Coordinator,Bachelor,Satisfactory,Yes,55166,57385,9/8/1998,
00-88265603,Agata,Kolesnikova,Female,Moscow,Moscow,2/17/2019,Sales,Sales Specialist,Bachelor,Satisfactory,Yes,71449,76677,2/2/1985,
00-51858060,Eleonora,Morozova,Female,Moscow,Moscow,6/30/2023,IT,System Administrator,Master,Satisfactory,No,84784,96454,5/21/1970,
00-24843289,Evpraksija,Tret'jakova,Female,Kazan,Kazan,11/29/2022,Operations,Inventory Specialist,Bachelor,Good,No,53340,55844,7/27/2004,
00-22955603,Marfa,Kudrjavtseva,Female,Moscow,Moscow,2/20/2017,Operations,Operations Analyst,Master,Satisfactory,No,58566,69447,2/25/1978,
00-74499217,Ol'ga,Mamontova,Female,Moscow,Moscow,9/9/2020,Customer Service,Customer Service Representative,High School,Good,No,52397,54885,4/15/2000,
00-28978235,Dobroslav,Evdokimov,Male,Moscow,Moscow,8/1/2021,Sales,Sales Consultant,PhD,Excellent,No,81698,86278,12/8/1992,
00-53428202,Denis,Ignatov,Male,Moscow,Moscow,12/11/2024,Customer Service,Help Desk Technician,Bachelor,Good,Yes,50122,59360,9/8/1995,
00-37185844,Leonid,Judin,Male,Moscow,Moscow,2/8/2023,Sales,Sales Consultant,Master,Good,No,82656,93022,8/18/1982,
00-68254356,Valentina,Nekrasova,Female,Moscow,Moscow,10/22/2017,IT,Software Developer,Bachelor,Good,No,80074,82307,2/15/1999,
00-35013701,Kira,Efremova,Female,Kazan,Kazan,6/23/2023,Marketing,Marketing Coordinator,Bachelor,Good,No,60470,62873,11/25/1999,
00-90739324,Venedikt,Shestakov,Male,Moscow,Moscow,9/8/2022,Operations,Logistics Coordinator,Bachelor,Needs Improvement,Yes,59462,69157,8/8/2005,
00-43067590,Varfolomej,Kopylov,Male,Moscow,Moscow,1/7/2017,Customer Service,Customer Service Manager,PhD,Good,No,81131,88489,4/28/1961,
00-48858996,Evgenija,Zinov'eva,Female,Moscow,Moscow,12/2/2023,IT,Software Developer,Bachelor,Good,Yes,91648,97755,8/3/1989,
00-71654076,Ljubov',Anisimova,Female,Moscow,Moscow,8/13/2017,Operations,Logistics Coordinator,Bachelor,Good,Yes,53296,55529,8/6/2007,
00-27002780,Ul'jana,Seliverstova,Female,Moscow,Moscow,8/21/2017,HR,HR Coordinator,Master,Good,No,58081,68932,12/8/1979,
00-80668428,Elisej,Medvedev,Male,Moscow,Moscow,12/27/2017,Customer Service,Support Specialist,High School,Good,No,54064,57346,2/3/2006,
00-40930175,Nina,Timofeeva,Female,Moscow,Moscow,2/10/2017,Operations,Logistics Coordinator,Bachelor,Good,No,57178,62102,5/19/1990,
00-93409229,Foka,Belozerov,Male,Moscow,Moscow,6/1/2018,Operations,Logistics Coordinator,Bachelor,Good,Yes,57510,66984,1/14/1996,
00-11485071,Dmitrij,Blohin,Male,Moscow,Moscow,7/5/2020,Customer Service,Support Specialist,High School,Good,No,51417,57755,9/29/1994,
00-91026002,Dementij,Panfilov,Male,Kazan,Kazan,5/21/2020,Sales,Sales Consultant,Bachelor,Good,No,64631,75770,2/16/1983,
00-94276207,Nikodim,Krasil'nikov,Male,Moscow,Moscow,2/17/2022,Customer Service,Support Specialist,Bachelor,Satisfactory,No,53529,62971,4/20/1980,
00-71677162,Gavrila,Popov,Male,Moscow,Moscow,4/25/2019,Customer Service,Support Specialist,Bachelor,Satisfactory,No,51184,59514,2/12/2005,4/10/2020
00-33375857,Ul'jan,Teterin,Male,Moscow,Moscow,2/19/2018,Customer Service,Support Specialist,High School,Good,No,50292,54247,4/8/2006,
00-92383901,Margarita,Ershova,Female,Moscow,Moscow,4/19/2020,Operations,Inventory Specialist,High School,Needs Improvement,No,56719,64115,6/27/1980,
00-26010939,Oleg,Grishin,Male,Moscow,Moscow,10/13/2018,Marketing,Content Creator,Bachelor,Satisfactory,Yes,53336,62394,1/17/1985,
00-28548828,Glafira,Osipova,Female,Moscow,Moscow,4/21/2023,Operations,Inventory Specialist,Bachelor,Excellent,Yes,55900,59665,6/26/1987,
00-67328257,Anzhela,Judina,Female,Moscow,Moscow,7/26/2022,Operations,Inventory Specialist,High School,Good,No,52783,55289,5/16/1983,8/19/2023
00-64322867,Kira,Nesterova,Female,Moscow,Moscow,2/9/2019,Customer Service,Help Desk Technician,High School,Satisfactory,No,74184,80540,10/24/1992,
00-87320977,Ladimir,Jakovlev,Male,Kazan,Kazan,2/6/2018,Operations,Operations Analyst,Master,Needs Improvement,No,50260,57916,11/3/1971,
00-59230588,Ladislav,Nekrasov,Male,Moscow,Moscow,7/29/2019,Operations,Inventory Specialist,Bachelor,Satisfactory,Yes,52920,64186,8/5/1991,
00-51379478,Valerija,Nosova,Female,Moscow,Moscow,10/14/2022,Sales,Sales Specialist,Master,Excellent,No,79323,89995,1/7/1993,
00-92287470,Nikita,Nikiforov,Male,Kazan,Kazan,2/21/2018,Customer Service,Support Specialist,High School,Satisfactory,No,52309,55480,10/13/1999,
00-80167287,Anzhela,Selezneva,Female,Moscow,Moscow,4/22/2015,Marketing,SEO Specialist,High School,Satisfactory,No,76251,78274,2/13/2004,
00-33402929,Raisa,Koroleva,Female,Moscow,Moscow,6/12/2020,Operations,Inventory Specialist,High School,Good,Yes,55009,60099,11/28/1985,
00-47699165,Agaf'ja,Suhanova,Female,Moscow,Moscow,2/5/2019,IT,Software Developer,Master,Good,No,91903,102832,6/11/1981,
00-56163017,Izmail,Judin,Male,Moscow,Moscow,10/30/2020,Sales,Sales Specialist,Bachelor,Good,No,69867,82834,9/7/2001,
00-27531918,Polina,Kuz'mina,Female,Moscow,Moscow,5/12/2019,Sales,Sales Specialist,Master,Good,No,72490,82278,9/18/1983,
00-82820446,Antip,Judin,Male,Moscow,Moscow,6/24/2023,HR,Recruiter,High School,Satisfactory,No,68494,76827,1/4/1989,
00-59188215,Svetlana,Kosheleva,Female,Moscow,Moscow,4/3/2023,Operations,Logistics Coordinator,Bachelor,Satisfactory,No,55245,56814,11/18/2000,
00-29346960,Varvara,Teterina,Female,Moscow,Moscow,12/27/2024,Operations,Operations Analyst,Master,Satisfactory,No,56311,64716,1/12/1991,
00-93177239,Marija,Mamontova,Female,Moscow,Moscow,10/5/2022,Sales,Sales Consultant,Bachelor,Satisfactory,No,61706,65198,12/2/1997,
00-22109826,Vissarion,Zajtsev,Male,Moscow,Moscow,7/14/2020,Operations,Logistics Coordinator,Bachelor,Excellent,No,52765,63522,1/27/1988,
00-67964907,Gremislav,Nikolaev,Male,Kazan,Kazan,7/1/2017,IT,IT Support Specialist,High School,Needs Improvement,Yes,55736,61156,7/28/1994,4/14/2018
00-50620412,Alla,Beljaeva,Female,Moscow,Moscow,6/17/2022,Marketing,Content Creator,Bachelor,Good,Yes,56807,60596,10/28/1984,
00-47145024,Oksana,Potapova,Female,Moscow,Moscow,3/8/2020,Sales,Sales Representative,Bachelor,Good,No,55041,56792,10/8/1998,
00-10986962,Valerija,Gerasimova,Female,Kazan,Kazan,9/7/2016,Operations,Operations Analyst,Bachelor,Good,Yes,78508,85448,2/19/1988,
00-40134115,Veronika,Shestakova,Female,Moscow,Moscow,5/2/2023,Customer Service,Support Specialist,Bachelor,Excellent,Yes,57239,60024,8/25/2005,
00-67271681,Azarij,Judin,Male,Kazan,Kazan,1/26/2022,Operations,Logistics Coordinator,Bachelor,Good,Yes,53078,60743,3/9/2006,
00-76838652,Tvorimir,Zaharov,Male,Kazan,Kazan,5/10/2017,IT,IT Support Specialist,Bachelor,Satisfactory,No,57450,67910,1/17/2001,3/5/2018
00-23869516,Margarita,Isakova,Female,Moscow,Moscow,10/22/2017,Finance,Accountant,Bachelor,Excellent,No,53714,56133,1/16/1989,
00-60681622,Galina,Komissarova,Female,Moscow,Moscow,12/28/2019,Operations,Operations Analyst,Bachelor,Good,Yes,69502,76804,10/29/1988,
00-69637695,Alevtina,Poljakova,Female,Moscow,Moscow,3/25/2018,Customer Service,Support Specialist,High School,Satisfactory,No,53237,54813,4/11/2004,
00-39520104,Viktorija,Judina,Female,Kazan,Kazan,12/15/2020,IT,Software Developer,Master,Good,Yes,90821,105357,2/1/1986,6/9/2022
00-89089630,Bronislav,Shestakov,Male,Moscow,Moscow,8/14/2020,Customer Service,Help Desk Technician,High School,Good,No,52141,57492,12/8/1989,
00-98269201,Alla,Nekrasova,Female,Moscow,Moscow,8/24/2018,IT,Software Developer,Master,Good,Yes,79968,93508,12/25/1981,
00-21437446,Regina,Shubina,Female,Moscow,Moscow,7/21/2017,Customer Service,Customer Service Representative,Bachelor,Excellent,No,54413,59697,12/4/1981,
00-26118091,Agap,Bol'shakov,Male,Moscow,Moscow,11/29/2019,Operations,Inventory Specialist,High School,Good,Yes,57528,61482,11/25/2000,
00-82751377,Praskov'ja,Grishina,Female,Moscow,Moscow,6/29/2015,Marketing,Marketing Coordinator,Bachelor,Good,Yes,57827,61209,8/4/1993,
00-78740258,Terentij,Shubin,Male,Moscow,Moscow,10/24/2017,Operations,Logistics Coordinator,Bachelor,Excellent,No,56237,68312,10/18/1984,
00-76568354,Vladislav,Tarasov,Male,Moscow,Moscow,11/27/2023,Operations,Logistics Coordinator,Bachelor,Good,No,54007,62449,4/22/1994,
00-86591953,Kapiton,Konovalov,Male,Moscow,Moscow,6/19/2021,Customer Service,Support Specialist,High School,Needs Improvement,No,54395,59367,1/14/1988,
00-40257670,Leon,Sergeev,Male,Moscow,Moscow,2/10/2023,Sales,Sales Representative,Bachelor,Good,Yes,58493,69072,5/9/2003,
00-40462913,Kira,Sharapova,Female,Moscow,Moscow,8/12/2022,Finance,Accountant,Bachelor,Good,No,77191,80737,5/15/1983,
00-72450766,Ksenija,Dement'eva,Female,Moscow,Moscow,6/10/2018,Operations,Inventory Specialist,Bachelor,Good,No,50983,54674,10/7/1989,
00-91577375,Amvrosij,Egorov,Male,Moscow,Moscow,2/9/2022,Sales,Sales Specialist,Bachelor,Good,No,61032,73341,12/6/1986,
00-64571232,Galina,Nazarova,Female,Moscow,Moscow,1/25/2022,Sales,Sales Consultant,Master,Excellent,No,78320,89200,10/23/1994,
00-45485231,Pahom,Suvorov,Male,Moscow,Moscow,10/22/2020,IT,System Administrator,Bachelor,Good,No,73026,88368,6/4/1989,
00-88144833,Denis,Morozov,Male,Moscow,Moscow,8/9/2024,Finance,Accounts Payable Specialist,Bachelor,Good,No,53532,65243,3/23/1983,
00-26277399,Avgust,Lihachev,Male,Kazan,Kazan,3/17/2024,Sales,Sales Specialist,Bachelor,Good,Yes,65741,75648,3/4/1996,
00-64367021,Ermolaj,Osipov,Male,Moscow,Moscow,8/18/2018,Operations,Logistics Coordinator,Bachelor,Good,No,56246,66487,6/9/1985,
00-93989706,Ija,Nazarova,Female,Moscow,Moscow,5/18/2015,Sales,Sales Specialist,Bachelor,Needs Improvement,No,76021,78345,1/4/2004,
00-37758341,Ivanna,D'jachkova,Female,Moscow,Moscow,8/11/2016,IT,Software Developer,Bachelor,Satisfactory,No,89680,92501,4/25/2004,2/7/2017
00-44782453,Anisim,Borisov,Male,Moscow,Moscow,1/9/2016,Sales,Sales Consultant,PhD,Satisfactory,No,73340,79081,5/30/1985,
00-79160259,Alina,Nekrasova,Female,Moscow,Moscow,4/21/2023,Finance,Financial Analyst,Master,Good,No,68028,77947,2/1/1983,
00-40615735,Florentin,Bobylev,Male,Kazan,Kazan,6/26/2023,Sales,Sales Representative,Bachelor,Needs Improvement,Yes,52960,60774,5/1/2005,
00-99128245,Gedeon,Fokin,Male,Moscow,Moscow,7/22/2023,Sales,Sales Consultant,Master,Needs Improvement,Yes,71552,73820,11/23/1998,
00-15274623,Vasilisa,Fadeeva,Female,Moscow,Moscow,1/25/2024,Sales,Sales Consultant,PhD,Good,No,74643,95292,4/10/1980,
00-92556649,Lora,Fomina,Female,Kazan,Kazan,4/4/2023,Sales,Sales Representative,Bachelor,Satisfactory,No,64816,68179,10/5/1981,
00-84060717,Tat'jana,Jakusheva,Female,Moscow,Moscow,8/22/2023,IT,Software Developer,Master,Good,No,86382,98828,7/1/1973,
00-97093899,Klavdij,Shashkov,Male,Moscow,Moscow,5/23/2022,HR,HR Coordinator,Bachelor,Satisfactory,No,51285,62131,3/17/1990,
00-13060197,Valerija,Samsonova,Female,Kazan,Kazan,4/15/2017,Operations,Operations Analyst,Bachelor,Satisfactory,Yes,68226,71267,2/20/2002,
00-10589096,Natal'ja,Agafonova,Female,Moscow,Moscow,4/17/2023,Sales,Sales Representative,Bachelor,Good,No,60144,62311,1/12/1998,
00-58431484,Hariton,Evdokimov,Male,Moscow,Moscow,3/27/2020,Operations,Inventory Specialist,High School,Satisfactory,Yes,52060,55419,6/1/2001,
00-78498669,Margarita,Kornilova,Female,Moscow,Moscow,9/11/2015,Marketing,Marketing Coordinator,Bachelor,Excellent,No,64946,69963,6/8/1981,
00-78198400,Ol'ga,Stepanova,Female,Moscow,Moscow,5/23/2023,Sales,Sales Representative,Bachelor,Good,Yes,64073,71471,4/29/1981,
00-16041139,Denis,Bogdanov,Male,Moscow,Moscow,8/31/2022,Customer Service,Support Specialist,Bachelor,Satisfactory,Yes,52499,60811,8/30/2007,1/7/2024
00-14036953,Vlas,Guljaev,Male,Moscow,Moscow,12/5/2024,Customer Service,Help Desk Technician,High School,Good,No,78306,85375,7/15/2005,
00-97424900,Emilija,Kudrjavtseva,Female,Kazan,Kazan,1/26/2019,Marketing,Marketing Coordinator,Bachelor,Good,No,62617,65140,7/12/1996,
00-76148610,Stanimir,Kuznetsov,Male,Moscow,Moscow,8/30/2015,Operations,Inventory Specialist,Bachelor,Excellent,No,59005,72775,3/7/1989,
00-71638103,Jakub,Konstantinov,Male,Moscow,Moscow,1/3/2024,Sales,Sales Representative,Bachelor,Good,No,68222,79669,5/9/1982,
00-68225098,Nadezhda,Doronina,Female,Moscow,Moscow,5/8/2020,Operations,Operations Analyst,Bachelor,Satisfactory,Yes,51523,54166,6/17/1993,
00-43771003,Artem,Shestakov,Male,Moscow,Moscow,2/20/2018,Marketing,Content Creator,High School,Good,No,58244,64772,7/23/1995,
00-14128212,Leonid,Fedoseev,Male,Moscow,Moscow,4/15/2020,Customer Service,Support Specialist,High School,Good,No,54292,58286,9/22/2003,
00-83104966,Budimir,Mironov,Male,Kazan,Kazan,12/2/2021,Sales,Sales Representative,Bachelor,Needs Improvement,No,63952,74804,5/23/2005,
00-62669416,Varfolomej,Orehov,Male,Moscow,Moscow,4/20/2020,Customer Service,Customer Service Representative,High School,Good,Yes,59938,66921,2/6/1988,10/31/2020
00-64872891,Zoja,Medvedeva,Female,Moscow,Moscow,3/3/2024,Customer Service,Support Specialist,High School,Satisfactory,Yes,54978,58298,11/24/1991,
00-27530949,Aleksandra,Bykova,Female,Moscow,Moscow,5/20/2023,Operations,Logistics Coordinator,Bachelor,Satisfactory,Yes,56295,61984,10/7/1987,
00-58904805,Rjurik,Nikitin,Male,Kazan,Kazan,5/27/2020,IT,Software Developer,Bachelor,Good,Yes,76356,88896,12/26/2001,
00-93850657,Savelij,Krasil'nikov,Male,Moscow,Moscow,8/14/2023,Customer Service,Customer Service Representative,High School,Good,No,58362,66187,11/26/1984,1/6/2025
00-78691924,Avtonom,Schukin,Male,Moscow,Moscow,5/12/2020,Customer Service,Help Desk Technician,Bachelor,Excellent,Yes,54277,62912,3/12/1997,
00-85135752,Ladimir,Haritonov,Male,Kazan,Kazan,2/26/2021,Customer Service,Help Desk Technician,High School,Satisfactory,Yes,57309,61704,8/7/1982,
00-59712902,Harlampij,Nikolaev,Male,Kazan,Kazan,4/29/2020,Operations,Logistics Coordinator,Bachelor,Satisfactory,No,57576,65482,4/27/2006,
00-17834512,Andronik,Lazarev,Male,Moscow,Moscow,11/29/2017,Operations,Logistics Coordinator,Bachelor,Needs Improvement,No,55513,63983,9/2/1996,
00-50213763,Ljubov',Kornilova,Female,Moscow,Moscow,4/28/2017,Customer Service,Customer Service Representative,Bachelor,Good,No,52419,55670,8/17/1987,
00-91539562,Selivan,Sysoev,Male,Moscow,Moscow,3/7/2017,IT,IT Support Specialist,High School,Satisfactory,Yes,56034,64079,11/27/1979,
00-11884464,Irina,Kolobova,Female,Moscow,Moscow,3/22/2018,Customer Service,Support Specialist,High School,Satisfactory,No,54983,58057,11/4/2002,
00-80561597,Zoja,Haritonova,Female,Moscow,Moscow,4/19/2020,IT,Software Developer,Master,Good,No,90152,101668,2/6/2000,
00-27866101,Evdokija,Dorofeeva,Female,Moscow,Moscow,7/6/2017,Customer Service,Support Specialist,High School,Good,Yes,51975,55058,3/9/1991,
00-61085590,Polikarp,Maksimov,Male,Moscow,Moscow,5/5/2015,Operations,Inventory Specialist,High School,Good,Yes,55323,59198,10/2/2007,
00-65397938,Galina,Knjazeva,Female,Moscow,Moscow,9/15/2018,Sales,Sales Specialist,PhD,Good,No,58045,72409,5/26/1988,
00-99895909,Svetlana,Vasil'eva,Female,Moscow,Moscow,11/9/2020,Sales,Sales Representative,Bachelor,Good,No,50201,51753,3/30/2007,
00-97557900,Oktjabrina,Komissarova,Female,Moscow,Moscow,5/4/2017,Sales,Sales Representative,Bachelor,Satisfactory,No,53214,57125,9/21/1981,
00-22884827,Evgenij,Gur'ev,Male,Moscow,Moscow,12/6/2023,Customer Service,Help Desk Technician,Bachelor,Good,No,77033,90896,12/20/1993,
00-39526102,Nikolaj,Zimin,Male,Kazan,Kazan,7/22/2017,IT,IT Support Specialist,High School,Satisfactory,No,52506,59522,1/12/1991,
00-90446207,Evpraksija,Ignat'eva,Female,Moscow,Moscow,4/1/2020,Customer Service,Support Specialist,High School,Needs Improvement,No,55788,59211,11/4/1989,
00-97278535,Naina,Denisova,Female,Moscow,Moscow,7/25/2021,Customer Service,Customer Service Representative,Bachelor,Good,No,52410,57356,3/18/1981,
00-19820594,Iraklij,Nazarov,Male,Moscow,Moscow,7/20/2020,Sales,Sales Consultant,Bachelor,Good,No,69874,84156,11/21/1996,
00-66786528,Parfen,Turov,Male,Moscow,Moscow,3/21/2018,Customer Service,Customer Service Representative,High School,Good,No,59772,67510,12/7/1987,
00-85976121,Sokrat,Filippov,Male,Kazan,Kazan,6/26/2017,Marketing,Marketing Coordinator,Bachelor,Good,No,58550,70838,5/30/1989,
00-53261894,Tit,Zhuravlev,Male,Moscow,Moscow,9/14/2019,IT,Software Developer,Bachelor,Good,Yes,88695,103422,7/9/2004,
00-76940233,Valentina,Orehova,Female,Moscow,Moscow,7/5/2023,Customer Service,Help Desk Technician,High School,Good,No,56749,59048,4/18/1994,
00-15055012,Serafim,Fedorov,Male,Moscow,Moscow,2/28/2020,Operations,Logistics Coordinator,Bachelor,Excellent,No,58680,68204,2/5/2003,
00-67674925,Elisej,Novikov,Male,Moscow,Moscow,7/12/2020,Operations,Logistics Coordinator,Bachelor,Good,No,57408,67024,9/1/2001,
00-49714164,Kapiton,Mironov,Male,Moscow,Moscow,7/23/2021,Customer Service,Support Specialist,Bachelor,Satisfactory,No,54660,66825,4/23/1984,
00-11399486,Anna,Popova,Female,Moscow,Moscow,3/17/2018,IT,Software Developer,Bachelor,Satisfactory,Yes,75485,81825,9/16/1997,
00-23260566,Zhanna,Rusakova,Female,Moscow,Moscow,10/18/2022,Operations,Inventory Specialist,High School,Needs Improvement,No,57639,61233,5/24/1998,
00-58154774,Pelageja,Komarova,Female,Moscow,Moscow,4/28/2018,Operations,Operations Analyst,Master,Good,No,57182,65663,10/17/1985,3/15/2021
00-44915623,Sil'vestr,Denisov,Male,Moscow,Moscow,4/8/2022,Sales,Sales Specialist,Master,Good,Yes,77499,85570,7/8/1990,
00-16927121,Prohor,Kalashnikov,Male,Moscow,Moscow,2/24/2017,IT,System Administrator,Bachelor,Satisfactory,Yes,87330,103114,12/2/1995,
00-98824098,Vladimir,Poljakov,Male,Kazan,Kazan,5/27/2017,Operations,Operations Analyst,Master,Good,No,52334,57943,4/6/1981,
00-55751584,Artem,Eliseev,Male,Kazan,Kazan,11/10/2020,Sales,Sales Consultant,PhD,Excellent,No,75368,86308,9/28/1965,
00-66289733,Radovan,Fomin,Male,Moscow,Moscow,5/14/2016,Sales,Sales Representative,Bachelor,Satisfactory,No,63800,75912,2/8/1982,
00-96774192,Glafira,Danilova,Female,Moscow,Moscow,9/24/2017,Sales,Sales Consultant,Master,Satisfactory,Yes,73044,87971,3/30/1973,
00-56501422,Tvorimir,Belozerov,Male,Moscow,Moscow,11/5/2016,Finance,Financial Analyst,Bachelor,Satisfactory,Yes,85801,100963,5/2/1988,
00-20637295,Iosif,Kazakov,Male,Kazan,Kazan,10/30/2020,Customer Service,Support Specialist,Bachelor,Satisfactory,No,57258,68342,10/16/1991,
00-76362172,Nadezhda,Tret'jakova,Female,Moscow,Moscow,10/9/2016,Sales,Sales Specialist,PhD,Satisfactory,No,54817,68490,11/2/1979,
00-20675258,Tamara,Sazonova,Female,Moscow,Moscow,12/27/2015,Operations,Operations Analyst,Master,Satisfactory,No,78403,89144,11/26/1975,
00-72893898,Valerija,Lihacheva,Female,Moscow,Moscow,2/19/2023,Operations,Inventory Specialist,Bachelor,Satisfactory,No,52118,53964,11/1/1992,
00-15036125,Elena,Jakusheva,Female,Moscow,Moscow,2/25/2016,IT,Software Developer,Master,Satisfactory,No,72891,82011,3/12/1993,7/12/2021
00-69919690,Marfa,Loginova,Female,Moscow,Moscow,8/12/2022,Operations,Inventory Specialist,Bachelor,Excellent,Yes,50368,52413,4/22/1992,10/22/2024
00-10382579,Foma,Kononov,Male,Moscow,Moscow,12/10/2024,Marketing,SEO Specialist,Bachelor,Satisfactory,No,78232,96477,6/30/1988,
00-52694683,Evgenija,Gerasimova,Female,Moscow,Moscow,5/16/2021,Customer Service,Customer Service Representative,High School,Excellent,Yes,57084,61802,8/2/1984,10/10/2022
00-35962602,Feliks,Kulakov,Male,Moscow,Moscow,10/21/2018,Sales,Sales Representative,Bachelor,Good,No,53340,62385,8/14/1980,
00-18672857,Zhanna,Kononova,Female,Moscow,Moscow,7/16/2023,Sales,Sales Representative,Bachelor,Satisfactory,Yes,59095,63699,1/8/1988,
00-26823239,Gavrila,Pahomov,Male,Kazan,Kazan,6/28/2019,Sales,Sales Consultant,PhD,Good,No,75306,79670,2/1/1973,7/14/2021
00-31328569,Rjurik,Komarov,Male,Moscow,Moscow,1/22/2019,Marketing,Marketing Coordinator,Bachelor,Satisfactory,No,58726,68281,7/19/2000,
00-56110838,Varvara,Grigor'eva,Female,Moscow,Moscow,12/6/2019,Operations,Inventory Specialist,High School,Satisfactory,No,58398,60833,7/28/1992,
00-60584609,Svetlana,Bobrova,Female,Kazan,Kazan,1/18/2022,Operations,Logistics Coordinator,Bachelor,Good,Yes,51310,54018,4/27/2002,
00-33155487,Evstafij,Grigor'ev,Male,Kazan,Kazan,3/16/2019,Operations,Inventory Specialist,High School,Good,Yes,51443,56363,3/1/1995,
00-86392196,Anikej,Kondrat'ev,Male,Kazan,Kazan,11/12/2017,Sales,Sales Representative,Bachelor,Satisfactory,Yes,63704,74852,5/20/1983,
00-91381218,Gostomysl,Pestov,Male,Moscow,Moscow,5/14/2022,Operations,Inventory Specialist,Bachelor,Satisfactory,Yes,50935,61952,6/19/1986,
00-41296057,Anastasija,Shubina,Female,Moscow,Moscow,7/11/2016,Sales,Sales Representative,Bachelor,Satisfactory,No,59974,62563,4/9/2007,
00-61273522,Jaroslav,Muhin,Male,Moscow,Moscow,6/10/2022,Customer Service,Support Specialist,High School,Satisfactory,No,51584,57198,4/2/1995,
00-22441378,Taisija,Kulakova,Female,Moscow,Moscow,4/5/2018,Operations,Inventory Specialist,Bachelor,Satisfactory,No,50537,52561,4/6/1991,
00-94609508,Karp,Hohlov,Male,Moscow,Moscow,8/19/2019,Customer Service,Support Specialist,High School,Good,Yes,52262,59262,8/9/1986,
00-25056140,Cheslav,Belov,Male,Moscow,Moscow,1/7/2017,Marketing,Content Creator,High School,Needs Improvement,No,56855,63202,7/15/1986,
00-58953546,Emilija,Gavrilova,Female,Moscow,Moscow,9/17/2017,Operations,Operations Analyst,Bachelor,Good,Yes,64419,68282,9/14/1982,
00-16424004,Ostromir,Bol'shakov,Male,Moscow,Moscow,6/7/2017,IT,System Administrator,Bachelor,Satisfactory,Yes,64253,73662,12/31/1998,
00-49280551,Pimen,Birjukov,Male,Kazan,Kazan,10/21/2016,Operations,Operations Analyst,Master,Satisfactory,Yes,54806,57409,7/29/1992,6/8/2022
00-36853562,Foma,Kudrjashov,Male,Kazan,Kazan,7/12/2020,Operations,Logistics Coordinator,Bachelor,Needs Improvement,Yes,53197,63644,8/10/1982,
00-44151571,Oksana,Afanas'eva,Female,Moscow,Moscow,12/4/2020,Marketing,Content Creator,High School,Good,Yes,55585,57943,10/29/2002,
00-99969981,Kondrat,Safonov,Male,Moscow,Moscow,7/22/2018,Marketing,Content Creator,Bachelor,Needs Improvement,Yes,56161,64086,10/4/2004,
00-29594164,Terentij,Koshelev,Male,Moscow,Moscow,4/4/2021,Customer Service,Help Desk Technician,Bachelor,Good,No,67688,79083,9/15/1987,
00-57273942,Valentina,Lavrent'eva,Female,Moscow,Moscow,8/9/2017,Customer Service,Support Specialist,High School,Needs Improvement,No,50927,56018,12/23/1980,
00-42617946,Sinklitikija,Koroleva,Female,Moscow,Moscow,1/8/2018,Customer Service,Help Desk Technician,Bachelor,Good,No,66154,71455,3/3/1994,8/11/2018
00-65928952,Vatslav,Belov,Male,Kazan,Kazan,8/22/2022,Operations,Operations Analyst,Master,Good,Yes,76432,82481,9/11/1978,
00-23632748,Sofija,Vorontsova,Female,Moscow,Moscow,8/24/2015,Sales,Sales Consultant,Bachelor,Needs Improvement,Yes,79731,88663,1/30/1987,
00-25396440,Nikodim,Burov,Male,Moscow,Moscow,5/15/2017,IT,Software Developer,Master,Good,Yes,93604,97943,7/24/1997,
00-78989329,Valentin,Nosov,Male,Kazan,Kazan,12/5/2019,Customer Service,Support Specialist,Bachelor,Satisfactory,Yes,58777,71431,11/13/1994,
00-85632215,Zhanna,Kulagina,Female,Moscow,Moscow,4/5/2018,IT,Software Developer,Bachelor,Satisfactory,No,83614,86980,8/21/2004,
00-75931453,Oleg,Tarasov,Male,Moscow,Moscow,2/11/2020,Sales,Sales Representative,Bachelor,Good,Yes,54791,65076,11/2/1998,
00-44142830,Praskov'ja,Konovalova,Female,Kazan,Kazan,3/28/2023,Sales,Sales Specialist,PhD,Good,No,68212,88364,7/31/1985,
00-79342385,Eleonora,Maslova,Female,Moscow,Moscow,1/6/2024,Operations,Inventory Specialist,Bachelor,Good,Yes,56740,62649,1/7/1984,
00-45579596,Anzhelika,Rozhkova,Female,Moscow,Moscow,12/14/2017,IT,Software Developer,Master,Good,Yes,78184,92606,12/30/1972,
00-19792772,Petr,Sobolev,Male,Moscow,Moscow,2/26/2024,Sales,Sales Consultant,Bachelor,Satisfactory,No,87107,103768,12/6/1981,
00-38763246,Ostromir,Sorokin,Male,Moscow,Moscow,8/3/2024,HR,Recruiter,High School,Good,No,51175,55013,7/19/1992,
00-35083224,Veronika,Kudrjashova,Female,Kazan,Kazan,11/13/2023,Sales,Sales Specialist,Master,Excellent,Yes,76130,89202,9/18/1976,
00-53102676,Evstignej,Smirnov,Male,Moscow,Moscow,3/21/2018,Customer Service,Support Specialist,Bachelor,Good,No,52054,59816,9/14/1996,
00-66702030,Ipatij,Baranov,Male,Moscow,Moscow,8/10/2015,Operations,Operations Analyst,Bachelor,Satisfactory,No,67803,82646,12/11/1984,6/5/2017
00-27375885,Leon,Afanas'ev,Male,Moscow,Moscow,3/12/2020,Sales,Sales Manager,PhD,Good,No,79021,87246,1/21/1969,
00-14519099,Gavrila,Kondrat'ev,Male,Moscow,Moscow,6/25/2020,Sales,Sales Consultant,PhD,Good,Yes,74181,81066,5/17/1987,
00-37054400,Natan,Trofimov,Male,Moscow,Moscow,11/14/2019,Sales,Sales Consultant,PhD,Good,No,86095,93261,10/30/1965,
00-46418179,Sinklitikija,Aksenova,Female,Kazan,Kazan,8/1/2023,IT,System Administrator,Master,Good,No,77299,92785,9/26/1979,
00-28381996,Gordej,Krylov,Male,Kazan,Kazan,2/14/2017,Operations,Inventory Specialist,Bachelor,Satisfactory,No,57038,67083,5/21/2004,
00-74434953,Igor',Gordeev,Male,Moscow,Moscow,5/1/2023,Sales,Sales Representative,Bachelor,Good,No,56614,65953,4/7/1983,
00-71801296,Leon,Maksimov,Male,Moscow,Moscow,6/5/2017,Operations,Logistics Coordinator,Bachelor,Satisfactory,No,56304,66817,10/25/2001,
00-88349396,Ernest,Kiselev,Male,Moscow,Moscow,6/13/2022,Sales,Sales Consultant,PhD,Good,Yes,70636,78014,10/29/1981,
00-33964768,Kallistrat,Ovchinnikov,Male,Moscow,Moscow,1/16/2022,Operations,Operations Analyst,Bachelor,Good,No,72819,87473,5/3/1985,
00-52644581,Vitalij,Mironov,Male,Moscow,Moscow,8/26/2018,Operations,Inventory Specialist,High School,Needs Improvement,No,54546,59413,1/17/2000,11/27/2022
00-24298519,Sidor,Korolev,Male,Moscow,Moscow,5/26/2016,IT,IT Support Specialist,High School,Satisfactory,Yes,52016,55945,5/10/1998,
00-24640648,Ljubim,Ovchinnikov,Male,Moscow,Moscow,12/17/2020,Customer Service,Support Specialist,High School,Needs Improvement,Yes,51441,56897,6/29/2000,11/24/2023
00-49443745,Kondrat,Blohin,Male,Kazan,Kazan,7/8/2021,Operations,Logistics Coordinator,Bachelor,Good,Yes,52755,62220,11/21/1993,
